ID,J1,J2,J3,J4,J5,J6,J7,Distance,X,Y,Z,Reachable
1,1.54074,-2.20927,-0.469194,-2.30384,-1.67319,-0.266938,0.0159677,0.87259,6.125,4.42,0.06,0
2,1.54074,-2.20927,-0.469194,-2.30384,-1.67319,-0.266938,0.0159677,0.897039,6.165,4.42,0.06,0
3,1.54074,-2.20927,-0.469194,-2.30384,-1.67319,-0.266938,0.0159677,0.922576,6.205,4.42,0.06,0
4,1.54074,-2.20927,-0.469194,-2.30384,-1.67319,-0.266938,0.0159677,0.949111,6.245,4.42,0.06,0
5,1.54074,-2.20927,-0.469194,-2.30384,-1.67319,-0.266938,0.0159677,0.976565,6.285,4.42,0.06,0
6,1.54074,-2.20927,-0.469194,-2.30384,-1.67319,-0.266938,0.0159677,1.00486,6.325,4.42,0.06,0
7,1.54074,-2.20927,-0.469194,-2.30384,-1.67319,-0.266938,0.0159677,1.03393,6.365,4.42,0.06,0
8,1.54074,-2.20927,-0.469194,-2.30384,-1.67319,-0.266938,0.0159677,1.06371,6.405,4.42,0.06,0
9,1.54074,-2.20927,-0.469194,-2.30384,-1.67319,-0.266938,0.0159677,1.09414,6.445,4.42,0.06,0
10,1.54074,-2.20927,-0.469194,-2.30384,-1.67319,-0.266938,0.0159677,1.12517,6.485,4.42,0.06,0
11,1.54074,-2.20927,-0.469194,-2.30384,-1.67319,-0.266938,0.0159677,0.873748,6.125,4.38,0.06,0
12,1.54074,-2.20927,-0.469194,-2.30384,-1.67319,-0.266938,0.0159677,0.898166,6.165,4.38,0.06,0
13,1.54074,-2.20927,-0.469194,-2.30384,-1.67319,-0.266938,0.0159677,0.923671,6.205,4.38,0.06,0
14,1.54074,-2.20927,-0.469194,-2.30384,-1.67319,-0.266938,0.0159677,0.950176,6.245,4.38,0.06,0
15,1.54074,-2.20927,-0.469194,-2.30384,-1.67319,-0.266938,0.0159677,0.9776,6.285,4.38,0.06,0
16,1.54074,-2.20927,-0.469194,-2.30384,-1.67319,-0.266938,0.0159677,1.00587,6.325,4.38,0.06,0
17,1.54074,-2.20927,-0.469194,-2.30384,-1.67319,-0.266938,0.0159677,1.03491,6.365,4.38,0.06,0
18,1.54074,-2.20927,-0.469194,-2.30384,-1.67319,-0.266938,0.0159677,1.06466,6.405,4.38,0.06,0
19,1.54074,-2.20927,-0.469194,-2.30384,-1.67319,-0.266938,0.0159677,1.09506,6.445,4.38,0.06,0
20,1.54074,-2.20927,-0.469194,-2.30384,-1.67319,-0.266938,0.0159677,1.12607,6.485,4.38,0.06,0
21,1.54074,-2.20927,-0.469194,-2.30384,-1.67319,-0.266938,0.0159677,0.876732,6.125,4.34,0.06,0
22,1.54074,-2.20927,-0.469194,-2.30384,-1.67319,-0.266938,0.0159677,0.901069,6.165,4.34,0.06,0
23,1.54074,-2.20927,-0.469194,-2.30384,-1.67319,-0.266938,0.0159677,0.926495,6.205,4.34,0.06,0
24,1.54074,-2.20927,-0.469194,-2.30384,-1.67319,-0.266938,0.0159677,0.952921,6.245,4.34,0.06,0
25,1.54074,-2.20927,-0.469194,-2.30384,-1.67319,-0.266938,0.0159677,0.980268,6.285,4.34,0.06,0
26,1.54074,-2.20927,-0.469194,-2.30384,-1.67319,-0.266938,0.0159677,1.00846,6.325,4.34,0.06,0
27,1.54074,-2.20927,-0.469194,-2.30384,-1.67319,-0.266938,0.0159677,1.03743,6.365,4.34,0.06,0
28,1.54074,-2.20927,-0.469194,-2.30384,-1.67319,-0.266938,0.0159677,1.06711,6.405,4.34,0.06,0
29,1.54074,-2.20927,-0.469194,-2.30384,-1.67319,-0.266938,0.0159677,1.09745,6.445,4.34,0.06,0
30,1.54074,-2.20927,-0.469194,-2.30384,-1.67319,-0.266938,0.0159677,1.12839,6.485,4.34,0.06,0
31,1.54074,-2.20927,-0.469194,-2.30384,-1.67319,-0.266938,0.0159677,0.881523,6.125,4.3,0.06,0
32,1.54074,-2.20927,-0.469194,-2.30384,-1.67319,-0.266938,0.0159677,0.905731,6.165,4.3,0.06,0
33,1.54074,-2.20927,-0.469194,-2.30384,-1.67319,-0.266938,0.0159677,0.931029,6.205,4.3,0.06,0
34,1.54074,-2.20927,-0.469194,-2.30384,-1.67319,-0.266938,0.0159677,0.95733,6.245,4.3,0.06,0
35,1.54074,-2.20927,-0.469194,-2.30384,-1.67319,-0.266938,0.0159677,0.984555,6.285,4.3,0.06,0
36,1.54074,-2.20927,-0.469194,-2.30384,-1.67319,-0.266938,0.0159677,1.01263,6.325,4.3,0.06,0
37,1.54074,-2.20927,-0.469194,-2.30384,-1.67319,-0.266938,0.0159677,1.04148,6.365,4.3,0.06,0
38,1.54074,-2.20927,-0.469194,-2.30384,-1.67319,-0.266938,0.0159677,1.07105,6.405,4.3,0.06,0
39,1.54074,-2.20927,-0.469194,-2.30384,-1.67319,-0.266938,0.0159677,1.10128,6.445,4.3,0.06,0
40,1.54074,-2.20927,-0.469194,-2.30384,-1.67319,-0.266938,0.0159677,1.13211,6.485,4.3,0.06,0
41,1.54074,-2.20927,-0.469194,-2.30384,-1.67319,-0.266938,0.0159677,0.888091,6.125,4.26,0.06,0
42,1.54074,-2.20927,-0.469194,-2.30384,-1.67319,-0.266938,0.0159677,0.912125,6.165,4.26,0.06,0
43,1.54074,-2.20927,-0.469194,-2.30384,-1.67319,-0.266938,0.0159677,0.93725,6.205,4.26,0.06,0
44,1.54074,-2.20927,-0.469194,-2.30384,-1.67319,-0.266938,0.0159677,0.963382,6.245,4.26,0.06,0
45,1.54074,-2.20927,-0.469194,-2.30384,-1.67319,-0.266938,0.0159677,0.99044,6.285,4.26,0.06,0
46,1.54074,-2.20927,-0.469194,-2.30384,-1.67319,-0.266938,0.0159677,1.01835,6.325,4.26,0.06,0
47,1.54074,-2.20927,-0.469194,-2.30384,-1.67319,-0.266938,0.0159677,1.04705,6.365,4.26,0.06,0
48,1.54074,-2.20927,-0.469194,-2.30384,-1.67319,-0.266938,0.0159677,1.07646,6.405,4.26,0.06,0
49,1.54074,-2.20927,-0.469194,-2.30384,-1.67319,-0.266938,0.0159677,1.10654,6.445,4.26,0.06,0
50,1.54074,-2.20927,-0.469194,-2.30384,-1.67319,-0.266938,0.0159677,1.13723,6.485,4.26,0.06,0
51,1.54074,-2.20927,-0.469194,-2.30384,-1.67319,-0.266938,0.0159677,0.896398,6.125,4.22,0.06,0
52,1.54074,-2.20927,-0.469194,-2.30384,-1.67319,-0.266938,0.0159677,0.920215,6.165,4.22,0.06,0
53,1.54074,-2.20927,-0.469194,-2.30384,-1.67319,-0.266938,0.0159677,0.945125,6.205,4.22,0.06,0
54,1.54074,-2.20927,-0.469194,-2.30384,-1.67319,-0.266938,0.0159677,0.971045,6.245,4.22,0.06,0
55,1.54074,-2.20927,-0.469194,-2.30384,-1.67319,-0.266938,0.0159677,0.997895,6.285,4.22,0.06,0
56,1.54074,-2.20927,-0.469194,-2.30384,-1.67319,-0.266938,0.0159677,1.0256,6.325,4.22,0.06,0
57,1.54074,-2.20927,-0.469194,-2.30384,-1.67319,-0.266938,0.0159677,1.0541,6.365,4.22,0.06,0
58,1.54074,-2.20927,-0.469194,-2.30384,-1.67319,-0.266938,0.0159677,1.08333,6.405,4.22,0.06,0
59,1.54074,-2.20927,-0.469194,-2.30384,-1.67319,-0.266938,0.0159677,1.11322,6.445,4.22,0.06,0
60,1.54074,-2.20927,-0.469194,-2.30384,-1.67319,-0.266938,0.0159677,1.14373,6.485,4.22,0.06,0
61,1.54074,-2.20927,-0.469194,-2.30384,-1.67319,-0.266938,0.0159677,0.906395,6.125,4.18,0.06,0
62,1.54074,-2.20927,-0.469194,-2.30384,-1.67319,-0.266938,0.0159677,0.929956,6.165,4.18,0.06,0
63,1.54074,-2.20927,-0.469194,-2.30384,-1.67319,-0.266938,0.0159677,0.954612,6.205,4.18,0.06,0
64,1.54074,-2.20927,-0.469194,-2.30384,-1.67319,-0.266938,0.0159677,0.980281,6.245,4.18,0.06,0
65,1.54074,-2.20927,-0.469194,-2.30384,-1.67319,-0.266938,0.0159677,1.00688,6.285,4.18,0.06,0
66,1.54074,-2.20927,-0.469194,-2.30384,-1.67319,-0.266938,0.0159677,1.03435,6.325,4.18,0.06,0
67,1.54074,-2.20927,-0.469194,-2.30384,-1.67319,-0.266938,0.0159677,1.06261,6.365,4.18,0.06,0
68,1.54074,-2.20927,-0.469194,-2.30384,-1.67319,-0.266938,0.0159677,1.09161,6.405,4.18,0.06,0
69,1.54074,-2.20927,-0.469194,-2.30384,-1.67319,-0.266938,0.0159677,1.12129,6.445,4.18,0.06,0
70,1.54074,-2.20927,-0.469194,-2.30384,-1.67319,-0.266938,0.0159677,1.15159,6.485,4.18,0.06,0
71,1.54074,-2.20927,-0.469194,-2.30384,-1.67319,-0.266938,0.0159677,0.918028,6.125,4.14,0.06,0
72,1.54074,-2.20927,-0.469194,-2.30384,-1.67319,-0.266938,0.0159677,0.941298,6.165,4.14,0.06,0
73,1.54074,-2.20927,-0.469194,-2.30384,-1.67319,-0.266938,0.0159677,0.965664,6.205,4.14,0.06,0
74,1.54074,-2.20927,-0.469194,-2.30384,-1.67319,-0.266938,0.0159677,0.991047,6.245,4.14,0.06,0
75,1.54074,-2.20927,-0.469194,-2.30384,-1.67319,-0.266938,0.0159677,1.01737,6.285,4.14,0.06,0
76,1.54074,-2.20927,-0.469194,-2.30384,-1.67319,-0.266938,0.0159677,1.04456,6.325,4.14,0.06,0
77,1.54074,-2.20927,-0.469194,-2.30384,-1.67319,-0.266938,0.0159677,1.07255,6.365,4.14,0.06,0
78,1.54074,-2.20927,-0.469194,-2.30384,-1.67319,-0.266938,0.0159677,1.10129,6.405,4.14,0.06,0
79,1.54074,-2.20927,-0.469194,-2.30384,-1.67319,-0.266938,0.0159677,1.13071,6.445,4.14,0.06,0
80,1.54074,-2.20927,-0.469194,-2.30384,-1.67319,-0.266938,0.0159677,1.16076,6.485,4.14,0.06,0
81,1.54074,-2.20927,-0.469194,-2.30384,-1.67319,-0.266938,0.0159677,0.931235,6.125,4.1,0.06,0
82,1.54074,-2.20927,-0.469194,-2.30384,-1.67319,-0.266938,0.0159677,0.954183,6.165,4.1,0.06,0
83,1.54074,-2.20927,-0.469194,-2.30384,-1.67319,-0.266938,0.0159677,0.978229,6.205,4.1,0.06,0
84,1.54074,-2.20927,-0.469194,-2.30384,-1.67319,-0.266938,0.0159677,1.00329,6.245,4.1,0.06,0
85,1.54074,-2.20927,-0.469194,-2.30384,-1.67319,-0.266938,0.0159677,1.0293,6.285,4.1,0.06,0
86,1.54074,-2.20927,-0.469194,-2.30384,-1.67319,-0.266938,0.0159677,1.05619,6.325,4.1,0.06,0
87,1.54074,-2.20927,-0.469194,-2.30384,-1.67319,-0.266938,0.0159677,1.08388,6.365,4.1,0.06,0
88,1.54074,-2.20927,-0.469194,-2.30384,-1.67319,-0.266938,0.0159677,1.11232,6.405,4.1,0.06,0
89,1.54074,-2.20927,-0.469194,-2.30384,-1.67319,-0.266938,0.0159677,1.14146,6.445,4.1,0.06,0
90,1.54074,-2.20927,-0.469194,-2.30384,-1.67319,-0.266938,0.0159677,1.17124,6.485,4.1,0.06,0
91,1.54074,-2.20927,-0.469194,-2.30384,-1.67319,-0.266938,0.0159677,0.94595,6.125,4.06,0.06,0
92,1.54074,-2.20927,-0.469194,-2.30384,-1.67319,-0.266938,0.0159677,0.968549,6.165,4.06,0.06,0
93,1.54074,-2.20927,-0.469194,-2.30384,-1.67319,-0.266938,0.0159677,0.992247,6.205,4.06,0.06,0
94,1.54074,-2.20927,-0.469194,-2.30384,-1.67319,-0.266938,0.0159677,1.01697,6.245,4.06,0.06,0
95,1.54074,-2.20927,-0.469194,-2.30384,-1.67319,-0.266938,0.0159677,1.04263,6.285,4.06,0.06,0
96,1.54074,-2.20927,-0.469194,-2.30384,-1.67319,-0.266938,0.0159677,1.06918,6.325,4.06,0.06,0
97,1.54074,-2.20927,-0.469194,-2.30384,-1.67319,-0.266938,0.0159677,1.09655,6.365,4.06,0.06,0
98,1.54074,-2.20927,-0.469194,-2.30384,-1.67319,-0.266938,0.0159677,1.12467,6.405,4.06,0.06,0
99,1.54074,-2.20927,-0.469194,-2.30384,-1.67319,-0.266938,0.0159677,1.1535,6.445,4.06,0.06,0
100,1.54074,-2.20927,-0.469194,-2.30384,-1.67319,-0.266938,0.0159677,1.18297,6.485,4.06,0.06,0
101,1.54074,-2.20927,-0.469194,-2.30384,-1.67319,-0.266938,0.0159677,0.962104,6.125,4.02,0.06,0
102,1.54074,-2.20927,-0.469194,-2.30384,-1.67319,-0.266938,0.0159677,0.984333,6.165,4.02,0.06,0
103,1.54074,-2.20927,-0.469194,-2.30384,-1.67319,-0.266938,0.0159677,1.00766,6.205,4.02,0.06,0
104,1.54074,-2.20927,-0.469194,-2.30384,-1.67319,-0.266938,0.0159677,1.03201,6.245,4.02,0.06,0
105,1.54074,-2.20927,-0.469194,-2.30384,-1.67319,-0.266938,0.0159677,1.05731,6.285,4.02,0.06,0
106,1.54074,-2.20927,-0.469194,-2.30384,-1.67319,-0.266938,0.0159677,1.0835,6.325,4.02,0.06,0
107,1.54074,-2.20927,-0.469194,-2.30384,-1.67319,-0.266938,0.0159677,1.11051,6.365,4.02,0.06,0
108,1.54074,-2.20927,-0.469194,-2.30384,-1.67319,-0.266938,0.0159677,1.13829,6.405,4.02,0.06,0
109,1.54074,-2.20927,-0.469194,-2.30384,-1.67319,-0.266938,0.0159677,1.16678,6.445,4.02,0.06,0
110,1.54074,-2.20927,-0.469194,-2.30384,-1.67319,-0.266938,0.0159677,1.19593,6.485,4.02,0.06,0
111,1.54074,-2.20927,-0.469194,-2.30384,-1.67319,-0.266938,0.0159677,0.979626,6.125,3.98,0.06,0
112,1.54074,-2.20927,-0.469194,-2.30384,-1.67319,-0.266938,0.0159677,1.00147,6.165,3.98,0.06,0
113,1.54074,-2.20927,-0.469194,-2.30384,-1.67319,-0.266938,0.0159677,1.0244,6.205,3.98,0.06,0
114,1.54074,-2.20927,-0.469194,-2.30384,-1.67319,-0.266938,0.0159677,1.04836,6.245,3.98,0.06,0
115,1.54074,-2.20927,-0.469194,-2.30384,-1.67319,-0.266938,0.0159677,1.07328,6.285,3.98,0.06,0
116,1.54074,-2.20927,-0.469194,-2.30384,-1.67319,-0.266938,0.0159677,1.09909,6.325,3.98,0.06,0
117,1.54074,-2.20927,-0.469194,-2.30384,-1.67319,-0.266938,0.0159677,1.12573,6.365,3.98,0.06,0
118,1.54074,-2.20927,-0.469194,-2.30384,-1.67319,-0.266938,0.0159677,1.15314,6.405,3.98,0.06,0
119,1.54074,-2.20927,-0.469194,-2.30384,-1.67319,-0.266938,0.0159677,1.18127,6.445,3.98,0.06,0
120,1.54074,-2.20927,-0.469194,-2.30384,-1.67319,-0.266938,0.0159677,1.21007,6.485,3.98,0.06,0
121,1.54074,-2.20927,-0.469194,-2.30384,-1.67319,-0.266938,0.0159677,0.998444,6.125,3.94,0.06,0
122,1.54074,-2.20927,-0.469194,-2.30384,-1.67319,-0.266938,0.0159677,1.01988,6.165,3.94,0.06,0
123,1.54074,-2.20927,-0.469194,-2.30384,-1.67319,-0.266938,0.0159677,1.04241,6.205,3.94,0.06,0
124,1.54074,-2.20927,-0.469194,-2.30384,-1.67319,-0.266938,0.0159677,1.06597,6.245,3.94,0.06,0
125,1.54074,-2.20927,-0.469194,-2.30384,-1.67319,-0.266938,0.0159677,1.09048,6.285,3.94,0.06,0
126,1.54074,-2.20927,-0.469194,-2.30384,-1.67319,-0.266938,0.0159677,1.1159,6.325,3.94,0.06,0
127,1.54074,-2.20927,-0.469194,-2.30384,-1.67319,-0.266938,0.0159677,1.14214,6.365,3.94,0.06,0
128,1.54074,-2.20927,-0.469194,-2.30384,-1.67319,-0.266938,0.0159677,1.16917,6.405,3.94,0.06,0
129,1.54074,-2.20927,-0.469194,-2.30384,-1.67319,-0.266938,0.0159677,1.19692,6.445,3.94,0.06,0
130,1.54074,-2.20927,-0.469194,-2.30384,-1.67319,-0.266938,0.0159677,1.22535,6.485,3.94,0.06,0
131,1.54074,-2.20927,-0.469194,-2.30384,-1.67319,-0.266938,0.0159677,1.01849,6.125,3.9,0.06,0
132,1.54074,-2.20927,-0.469194,-2.30384,-1.67319,-0.266938,0.0159677,1.03951,6.165,3.9,0.06,0
133,1.54074,-2.20927,-0.469194,-2.30384,-1.67319,-0.266938,0.0159677,1.06162,6.205,3.9,0.06,0
134,1.54074,-2.20927,-0.469194,-2.30384,-1.67319,-0.266938,0.0159677,1.08476,6.245,3.9,0.06,0
135,1.54074,-2.20927,-0.469194,-2.30384,-1.67319,-0.266938,0.0159677,1.10886,6.285,3.9,0.06,0
136,1.54074,-2.20927,-0.469194,-2.30384,-1.67319,-0.266938,0.0159677,1.13386,6.325,3.9,0.06,0
137,1.54074,-2.20927,-0.469194,-2.30384,-1.67319,-0.266938,0.0159677,1.1597,6.365,3.9,0.06,0
138,1.54074,-2.20927,-0.469194,-2.30384,-1.67319,-0.266938,0.0159677,1.18633,6.405,3.9,0.06,0
139,1.54074,-2.20927,-0.469194,-2.30384,-1.67319,-0.266938,0.0159677,1.21369,6.445,3.9,0.06,0
140,1.54074,-2.20927,-0.469194,-2.30384,-1.67319,-0.266938,0.0159677,1.24174,6.485,3.9,0.06,0
141,1.54074,-2.20927,-0.469194,-2.30384,-1.67319,-0.266938,0.0159677,1.03968,6.125,3.86,0.06,0
142,1.54074,-2.20927,-0.469194,-2.30384,-1.67319,-0.266938,0.0159677,1.06028,6.165,3.86,0.06,0
143,1.54074,-2.20927,-0.469194,-2.30384,-1.67319,-0.266938,0.0159677,1.08198,6.205,3.86,0.06,0
144,1.54074,-2.20927,-0.469194,-2.30384,-1.67319,-0.266938,0.0159677,1.10469,6.245,3.86,0.06,0
145,1.54074,-2.20927,-0.469194,-2.30384,-1.67319,-0.266938,0.0159677,1.12836,6.285,3.86,0.06,0
146,1.54074,-2.20927,-0.469194,-2.30384,-1.67319,-0.266938,0.0159677,1.15294,6.325,3.86,0.06,0
147,1.54074,-2.20927,-0.469194,-2.30384,-1.67319,-0.266938,0.0159677,1.17836,6.365,3.86,0.06,0
148,1.54074,-2.20927,-0.469194,-2.30384,-1.67319,-0.266938,0.0159677,1.20458,6.405,3.86,0.06,0
149,1.54074,-2.20927,-0.469194,-2.30384,-1.67319,-0.266938,0.0159677,1.23153,6.445,3.86,0.06,0
150,1.54074,-2.20927,-0.469194,-2.30384,-1.67319,-0.266938,0.0159677,1.25918,6.485,3.86,0.06,0
151,1.54074,-2.20927,-0.469194,-2.30384,-1.67319,-0.266938,0.0159677,1.06196,6.125,3.82,0.06,0
152,1.54074,-2.20927,-0.469194,-2.30384,-1.67319,-0.266938,0.0159677,1.08214,6.165,3.82,0.06,0
153,1.54074,-2.20927,-0.469194,-2.30384,-1.67319,-0.266938,0.0159677,1.1034,6.205,3.82,0.06,0
154,1.54074,-2.20927,-0.469194,-2.30384,-1.67319,-0.266938,0.0159677,1.12568,6.245,3.82,0.06,0
155,1.54074,-2.20927,-0.469194,-2.30384,-1.67319,-0.266938,0.0159677,1.14892,6.285,3.82,0.06,0
156,1.54074,-2.20927,-0.469194,-2.30384,-1.67319,-0.266938,0.0159677,1.17307,6.325,3.82,0.06,0
157,1.54074,-2.20927,-0.469194,-2.30384,-1.67319,-0.266938,0.0159677,1.19806,6.365,3.82,0.06,0
158,1.54074,-2.20927,-0.469194,-2.30384,-1.67319,-0.266938,0.0159677,1.22386,6.405,3.82,0.06,0
159,1.54074,-2.20927,-0.469194,-2.30384,-1.67319,-0.266938,0.0159677,1.2504,6.445,3.82,0.06,0
160,1.54074,-2.20927,-0.469194,-2.30384,-1.67319,-0.266938,0.0159677,1.27764,6.485,3.82,0.06,0
161,1.54074,-2.20927,-0.469194,-2.30384,-1.67319,-0.266938,0.0159677,1.08526,6.125,3.78,0.06,0
162,1.54074,-2.20927,-0.469194,-2.30384,-1.67319,-0.266938,0.0159677,1.10501,6.165,3.78,0.06,0
163,1.54074,-2.20927,-0.469194,-2.30384,-1.67319,-0.266938,0.0159677,1.12584,6.205,3.78,0.06,0
164,1.54074,-2.20927,-0.469194,-2.30384,-1.67319,-0.266938,0.0159677,1.14769,6.245,3.78,0.06,0
165,1.54074,-2.20927,-0.469194,-2.30384,-1.67319,-0.266938,0.0159677,1.17049,6.285,3.78,0.06,0
166,1.54074,-2.20927,-0.469194,-2.30384,-1.67319,-0.266938,0.0159677,1.1942,6.325,3.78,0.06,0
167,1.54074,-2.20927,-0.469194,-2.30384,-1.67319,-0.266938,0.0159677,1.21876,6.365,3.78,0.06,0
168,1.54074,-2.20927,-0.469194,-2.30384,-1.67319,-0.266938,0.0159677,1.24413,6.405,3.78,0.06,0
169,1.54074,-2.20927,-0.469194,-2.30384,-1.67319,-0.266938,0.0159677,1.27024,6.445,3.78,0.06,0
170,1.54074,-2.20927,-0.469194,-2.30384,-1.67319,-0.266938,0.0159677,1.29707,6.485,3.78,0.06,0
171,1.54074,-2.20927,-0.469194,-2.30384,-1.67319,-0.266938,0.0159677,1.10951,6.125,3.74,0.06,0
172,1.54074,-2.20927,-0.469194,-2.30384,-1.67319,-0.266938,0.0159677,1.12884,6.165,3.74,0.06,0
173,1.54074,-2.20927,-0.469194,-2.30384,-1.67319,-0.266938,0.0159677,1.14923,6.205,3.74,0.06,0
174,1.54074,-2.20927,-0.469194,-2.30384,-1.67319,-0.266938,0.0159677,1.17064,6.245,3.74,0.06,0
175,1.54074,-2.20927,-0.469194,-2.30384,-1.67319,-0.266938,0.0159677,1.19301,6.285,3.74,0.06,0
176,1.54074,-2.20927,-0.469194,-2.30384,-1.67319,-0.266938,0.0159677,1.21628,6.325,3.74,0.06,0
177,1.54074,-2.20927,-0.469194,-2.30384,-1.67319,-0.266938,0.0159677,1.24041,6.365,3.74,0.06,0
178,1.54074,-2.20927,-0.469194,-2.30384,-1.67319,-0.266938,0.0159677,1.26533,6.405,3.74,0.06,0
179,1.54074,-2.20927,-0.469194,-2.30384,-1.67319,-0.266938,0.0159677,1.29102,6.445,3.74,0.06,0
180,1.54074,-2.20927,-0.469194,-2.30384,-1.67319,-0.266938,0.0159677,1.31742,6.485,3.74,0.06,0
181,1.54074,-2.20927,-0.469194,-2.30384,-1.67319,-0.266938,0.0159677,1.13465,6.125,3.7,0.06,0
182,1.54074,-2.20927,-0.469194,-2.30384,-1.67319,-0.266938,0.0159677,1.15356,6.165,3.7,0.06,0
183,1.54074,-2.20927,-0.469194,-2.30384,-1.67319,-0.266938,0.0159677,1.17353,6.205,3.7,0.06,0
184,1.54074,-2.20927,-0.469194,-2.30384,-1.67319,-0.266938,0.0159677,1.1945,6.245,3.7,0.06,0
185,1.54074,-2.20927,-0.469194,-2.30384,-1.67319,-0.266938,0.0159677,1.21643,6.285,3.7,0.06,0
186,1.54074,-2.20927,-0.469194,-2.30384,-1.67319,-0.266938,0.0159677,1.23926,6.325,3.7,0.06,0
187,1.54074,-2.20927,-0.469194,-2.30384,-1.67319,-0.266938,0.0159677,1.26294,6.365,3.7,0.06,0
188,1.54074,-2.20927,-0.469194,-2.30384,-1.67319,-0.266938,0.0159677,1.28744,6.405,3.7,0.06,0
189,1.54074,-2.20927,-0.469194,-2.30384,-1.67319,-0.266938,0.0159677,1.31269,6.445,3.7,0.06,0
190,1.54074,-2.20927,-0.469194,-2.30384,-1.67319,-0.266938,0.0159677,1.33867,6.485,3.7,0.06,0
191,1.54074,-2.20927,-0.469194,-2.30384,-1.67319,-0.266938,0.0159677,1.16063,6.125,3.66,0.06,0
192,1.54074,-2.20927,-0.469194,-2.30384,-1.67319,-0.266938,0.0159677,1.17912,6.165,3.66,0.06,0
193,1.54074,-2.20927,-0.469194,-2.30384,-1.67319,-0.266938,0.0159677,1.19866,6.205,3.66,0.06,0
194,1.54074,-2.20927,-0.469194,-2.30384,-1.67319,-0.266938,0.0159677,1.2192,6.245,3.66,0.06,0
195,1.54074,-2.20927,-0.469194,-2.30384,-1.67319,-0.266938,0.0159677,1.24069,6.285,3.66,0.06,0
196,1.54074,-2.20927,-0.469194,-2.30384,-1.67319,-0.266938,0.0159677,1.26309,6.325,3.66,0.06,0
197,1.54074,-2.20927,-0.469194,-2.30384,-1.67319,-0.266938,0.0159677,1.28633,6.365,3.66,0.06,0
198,1.54074,-2.20927,-0.469194,-2.30384,-1.67319,-0.266938,0.0159677,1.31039,6.405,3.66,0.06,0
199,1.54074,-2.20927,-0.469194,-2.30384,-1.67319,-0.266938,0.0159677,1.33521,6.445,3.66,0.06,0
200,1.54074,-2.20927,-0.469194,-2.30384,-1.67319,-0.266938,0.0159677,1.36075,6.485,3.66,0.06,0
201,1.54074,-2.20927,-0.469194,-2.30384,-1.67319,-0.266938,0.0159677,1.18738,6.125,3.62,0.06,0
202,1.54074,-2.20927,-0.469194,-2.30384,-1.67319,-0.266938,0.0159677,1.20546,6.165,3.62,0.06,0
203,1.54074,-2.20927,-0.469194,-2.30384,-1.67319,-0.266938,0.0159677,1.22459,6.205,3.62,0.06,0
204,1.54074,-2.20927,-0.469194,-2.30384,-1.67319,-0.266938,0.0159677,1.2447,6.245,3.62,0.06,0
205,1.54074,-2.20927,-0.469194,-2.30384,-1.67319,-0.266938,0.0159677,1.26576,6.285,3.62,0.06,0
206,1.54074,-2.20927,-0.469194,-2.30384,-1.67319,-0.266938,0.0159677,1.28771,6.325,3.62,0.06,0
207,1.54074,-2.20927,-0.469194,-2.30384,-1.67319,-0.266938,0.0159677,1.31052,6.365,3.62,0.06,0
208,1.54074,-2.20927,-0.469194,-2.30384,-1.67319,-0.266938,0.0159677,1.33414,6.405,3.62,0.06,0
209,1.54074,-2.20927,-0.469194,-2.30384,-1.67319,-0.266938,0.0159677,1.35853,6.445,3.62,0.06,0
210,1.54074,-2.20927,-0.469194,-2.30384,-1.67319,-0.266938,0.0159677,1.38364,6.485,3.62,0.06,0
211,1.54074,-2.20927,-0.469194,-2.30384,-1.67319,-0.266938,0.0159677,1.21487,6.125,3.58,0.06,0
212,1.54074,-2.20927,-0.469194,-2.30384,-1.67319,-0.266938,0.0159677,1.23254,6.165,3.58,0.06,0
213,1.54074,-2.20927,-0.469194,-2.30384,-1.67319,-0.266938,0.0159677,1.25125,6.205,3.58,0.06,0
214,1.54074,-2.20927,-0.469194,-2.30384,-1.67319,-0.266938,0.0159677,1.27094,6.245,3.58,0.06,0
215,1.54074,-2.20927,-0.469194,-2.30384,-1.67319,-0.266938,0.0159677,1.29157,6.285,3.58,0.06,0
216,1.54074,-2.20927,-0.469194,-2.30384,-1.67319,-0.266938,0.0159677,1.3131,6.325,3.58,0.06,0
217,1.54074,-2.20927,-0.469194,-2.30384,-1.67319,-0.266938,0.0159677,1.33548,6.365,3.58,0.06,0
218,1.54074,-2.20927,-0.469194,-2.30384,-1.67319,-0.266938,0.0159677,1.35866,6.405,3.58,0.06,0
219,1.54074,-2.20927,-0.469194,-2.30384,-1.67319,-0.266938,0.0159677,1.38262,6.445,3.58,0.06,0
220,1.54074,-2.20927,-0.469194,-2.30384,-1.67319,-0.266938,0.0159677,1.4073,6.485,3.58,0.06,0
221,1.54074,-2.20927,-0.469194,-2.30384,-1.67319,-0.266938,0.0159677,0.681772,6.125,4.42,1.2,0
222,1.54074,-2.20927,-0.469194,-2.30384,-1.67319,-0.266938,0.0159677,0.712797,6.165,4.42,1.2,0
223,1.54074,-2.20927,-0.469194,-2.30384,-1.67319,-0.266938,0.0159677,0.744679,6.205,4.42,1.2,0
224,1.54074,-2.20927,-0.469194,-2.30384,-1.67319,-0.266938,0.0159677,0.777311,6.245,4.42,1.2,0
225,1.54074,-2.20927,-0.469194,-2.30384,-1.67319,-0.266938,0.0159677,0.810604,6.285,4.42,1.2,0
226,1.54074,-2.20927,-0.469194,-2.30384,-1.67319,-0.266938,0.0159677,0.844479,6.325,4.42,1.2,0
227,1.54074,-2.20927,-0.469194,-2.30384,-1.67319,-0.266938,0.0159677,0.878869,6.365,4.42,1.2,0
228,1.54074,-2.20927,-0.469194,-2.30384,-1.67319,-0.266938,0.0159677,0.913716,6.405,4.42,1.2,0
229,1.54074,-2.20927,-0.469194,-2.30384,-1.67319,-0.266938,0.0159677,0.94897,6.445,4.42,1.2,0
230,1.54074,-2.20927,-0.469194,-2.30384,-1.67319,-0.266938,0.0159677,0.984586,6.485,4.42,1.2,0
231,1.54074,-2.20927,-0.469194,-2.30384,-1.67319,-0.266938,0.0159677,0.683255,6.125,4.38,1.2,0
232,1.54074,-2.20927,-0.469194,-2.30384,-1.67319,-0.266938,0.0159677,0.714215,6.165,4.38,1.2,0
233,1.54074,-2.20927,-0.469194,-2.30384,-1.67319,-0.266938,0.0159677,0.746036,6.205,4.38,1.2,0
234,1.54074,-2.20927,-0.469194,-2.30384,-1.67319,-0.266938,0.0159677,0.778611,6.245,4.38,1.2,0
235,1.54074,-2.20927,-0.469194,-2.30384,-1.67319,-0.266938,0.0159677,0.811851,6.285,4.38,1.2,0
236,1.54074,-2.20927,-0.469194,-2.30384,-1.67319,-0.266938,0.0159677,0.845676,6.325,4.38,1.2,0
237,1.54074,-2.20927,-0.469194,-2.30384,-1.67319,-0.266938,0.0159677,0.88002,6.365,4.38,1.2,0
238,1.54074,-2.20927,-0.469194,-2.30384,-1.67319,-0.266938,0.0159677,0.914823,6.405,4.38,1.2,0
239,1.54074,-2.20927,-0.469194,-2.30384,-1.67319,-0.266938,0.0159677,0.950035,6.445,4.38,1.2,0
240,1.54074,-2.20927,-0.469194,-2.30384,-1.67319,-0.266938,0.0159677,0.985613,6.485,4.38,1.2,0
241,1.54074,-2.20927,-0.469194,-2.30384,-1.67319,-0.266938,0.0159677,0.687066,6.125,4.34,1.2,0
242,1.54074,-2.20927,-0.469194,-2.30384,-1.67319,-0.266938,0.0159677,0.717862,6.165,4.34,1.2,0
243,1.54074,-2.20927,-0.469194,-2.30384,-1.67319,-0.266938,0.0159677,0.749528,6.205,4.34,1.2,0
244,1.54074,-2.20927,-0.469194,-2.30384,-1.67319,-0.266938,0.0159677,0.781958,6.245,4.34,1.2,0
245,1.54074,-2.20927,-0.469194,-2.30384,-1.67319,-0.266938,0.0159677,0.815061,6.285,4.34,1.2,0
246,1.54074,-2.20927,-0.469194,-2.30384,-1.67319,-0.266938,0.0159677,0.848759,6.325,4.34,1.2,0
247,1.54074,-2.20927,-0.469194,-2.30384,-1.67319,-0.266938,0.0159677,0.882982,6.365,4.34,1.2,0
248,1.54074,-2.20927,-0.469194,-2.30384,-1.67319,-0.266938,0.0159677,0.917673,6.405,4.34,1.2,0
249,1.54074,-2.20927,-0.469194,-2.30384,-1.67319,-0.266938,0.0159677,0.95278,6.445,4.34,1.2,0
250,1.54074,-2.20927,-0.469194,-2.30384,-1.67319,-0.266938,0.0159677,0.988259,6.485,4.34,1.2,0
251,1.54074,-2.20927,-0.469194,-2.30384,-1.67319,-0.266938,0.0159677,0.693169,6.125,4.3,1.2,0
252,1.54074,-2.20927,-0.469194,-2.30384,-1.67319,-0.266938,0.0159677,0.723705,6.165,4.3,1.2,0
253,1.54074,-2.20927,-0.469194,-2.30384,-1.67319,-0.266938,0.0159677,0.755126,6.205,4.3,1.2,0
254,1.54074,-2.20927,-0.469194,-2.30384,-1.67319,-0.266938,0.0159677,0.787326,6.245,4.3,1.2,0
255,1.54074,-2.20927,-0.469194,-2.30384,-1.67319,-0.266938,0.0159677,0.820212,6.285,4.3,1.2,0
256,1.54074,-2.20927,-0.469194,-2.30384,-1.67319,-0.266938,0.0159677,0.853706,6.325,4.3,1.2,0
257,1.54074,-2.20927,-0.469194,-2.30384,-1.67319,-0.266938,0.0159677,0.887739,6.365,4.3,1.2,0
258,1.54074,-2.20927,-0.469194,-2.30384,-1.67319,-0.266938,0.0159677,0.922251,6.405,4.3,1.2,0
259,1.54074,-2.20927,-0.469194,-2.30384,-1.67319,-0.266938,0.0159677,0.95719,6.445,4.3,1.2,0
260,1.54074,-2.20927,-0.469194,-2.30384,-1.67319,-0.266938,0.0159677,0.992512,6.485,4.3,1.2,0
261,1.54074,-2.20927,-0.469194,-2.30384,-1.67319,-0.266938,0.0159677,0.701503,6.125,4.26,1.2,0
262,1.54074,-2.20927,-0.469194,-2.30384,-1.67319,-0.266938,0.0159677,0.731692,6.165,4.26,1.2,0
263,1.54074,-2.20927,-0.469194,-2.30384,-1.67319,-0.266938,0.0159677,0.762784,6.205,4.26,1.2,0
264,1.54074,-2.20927,-0.469194,-2.30384,-1.67319,-0.266938,0.0159677,0.794673,6.245,4.26,1.2,0
265,1.54074,-2.20927,-0.469194,-2.30384,-1.67319,-0.266938,0.0159677,0.827268,6.285,4.26,1.2,0
266,1.54074,-2.20927,-0.469194,-2.30384,-1.67319,-0.266938,0.0159677,0.860487,6.325,4.26,1.2,0
267,1.54074,-2.20927,-0.469194,-2.30384,-1.67319,-0.266938,0.0159677,0.894262,6.365,4.26,1.2,0
268,1.54074,-2.20927,-0.469194,-2.30384,-1.67319,-0.266938,0.0159677,0.928531,6.405,4.26,1.2,0
269,1.54074,-2.20927,-0.469194,-2.30384,-1.67319,-0.266938,0.0159677,0.963243,6.445,4.26,1.2,0
270,1.54074,-2.20927,-0.469194,-2.30384,-1.67319,-0.266938,0.0159677,0.99835,6.485,4.26,1.2,0
271,1.54074,-2.20927,-0.469194,-2.30384,-1.67319,-0.266938,0.0159677,0.71199,6.125,4.22,1.2,0
272,1.54074,-2.20927,-0.469194,-2.30384,-1.67319,-0.266938,0.0159677,0.741752,6.165,4.22,1.2,0
273,1.54074,-2.20927,-0.469194,-2.30384,-1.67319,-0.266938,0.0159677,0.772439,6.205,4.22,1.2,0
274,1.54074,-2.20927,-0.469194,-2.30384,-1.67319,-0.266938,0.0159677,0.803946,6.245,4.22,1.2,0
275,1.54074,-2.20927,-0.469194,-2.30384,-1.67319,-0.266938,0.0159677,0.836179,6.285,4.22,1.2,0
276,1.54074,-2.20927,-0.469194,-2.30384,-1.67319,-0.266938,0.0159677,0.869058,6.325,4.22,1.2,0
277,1.54074,-2.20927,-0.469194,-2.30384,-1.67319,-0.266938,0.0159677,0.902512,6.365,4.22,1.2,0
278,1.54074,-2.20927,-0.469194,-2.30384,-1.67319,-0.266938,0.0159677,0.936479,6.405,4.22,1.2,0
279,1.54074,-2.20927,-0.469194,-2.30384,-1.67319,-0.266938,0.0159677,0.970907,6.445,4.22,1.2,0
280,1.54074,-2.20927,-0.469194,-2.30384,-1.67319,-0.266938,0.0159677,1.00575,6.485,4.22,1.2,0
281,1.54074,-2.20927,-0.469194,-2.30384,-1.67319,-0.266938,0.0159677,0.724536,6.125,4.18,1.2,0
282,1.54074,-2.20927,-0.469194,-2.30384,-1.67319,-0.266938,0.0159677,0.753803,6.165,4.18,1.2,0
283,1.54074,-2.20927,-0.469194,-2.30384,-1.67319,-0.266938,0.0159677,0.784019,6.205,4.18,1.2,0
284,1.54074,-2.20927,-0.469194,-2.30384,-1.67319,-0.266938,0.0159677,0.815078,6.245,4.18,1.2,0
285,1.54074,-2.20927,-0.469194,-2.30384,-1.67319,-0.266938,0.0159677,0.846887,6.285,4.18,1.2,0
286,1.54074,-2.20927,-0.469194,-2.30384,-1.67319,-0.266938,0.0159677,0.879366,6.325,4.18,1.2,0
287,1.54074,-2.20927,-0.469194,-2.30384,-1.67319,-0.266938,0.0159677,0.912442,6.365,4.18,1.2,0
288,1.54074,-2.20927,-0.469194,-2.30384,-1.67319,-0.266938,0.0159677,0.946053,6.405,4.18,1.2,0
289,1.54074,-2.20927,-0.469194,-2.30384,-1.67319,-0.266938,0.0159677,0.980144,6.445,4.18,1.2,0
290,1.54074,-2.20927,-0.469194,-2.30384,-1.67319,-0.266938,0.0159677,1.01467,6.485,4.18,1.2,0
291,1.54074,-2.20927,-0.469194,-2.30384,-1.67319,-0.266938,0.0159677,0.739037,6.125,4.14,1.2,0
292,1.54074,-2.20927,-0.469194,-2.30384,-1.67319,-0.266938,0.0159677,0.767751,6.165,4.14,1.2,0
293,1.54074,-2.20927,-0.469194,-2.30384,-1.67319,-0.266938,0.0159677,0.797439,6.205,4.14,1.2,0
294,1.54074,-2.20927,-0.469194,-2.30384,-1.67319,-0.266938,0.0159677,0.827994,6.245,4.14,1.2,0
295,1.54074,-2.20927,-0.469194,-2.30384,-1.67319,-0.266938,0.0159677,0.859326,6.285,4.14,1.2,0
296,1.54074,-2.20927,-0.469194,-2.30384,-1.67319,-0.266938,0.0159677,0.891351,6.325,4.14,1.2,0
297,1.54074,-2.20927,-0.469194,-2.30384,-1.67319,-0.266938,0.0159677,0.923999,6.365,4.14,1.2,0
298,1.54074,-2.20927,-0.469194,-2.30384,-1.67319,-0.266938,0.0159677,0.957204,6.405,4.14,1.2,0
299,1.54074,-2.20927,-0.469194,-2.30384,-1.67319,-0.266938,0.0159677,0.990912,6.445,4.14,1.2,0
300,1.54074,-2.20927,-0.469194,-2.30384,-1.67319,-0.266938,0.0159677,1.02507,6.485,4.14,1.2,0
301,1.54074,-2.20927,-0.469194,-2.30384,-1.67319,-0.266938,0.0159677,0.75538,6.125,4.1,1.2,0
302,1.54074,-2.20927,-0.469194,-2.30384,-1.67319,-0.266938,0.0159677,0.783496,6.165,4.1,1.2,0
303,1.54074,-2.20927,-0.469194,-2.30384,-1.67319,-0.266938,0.0159677,0.812608,6.205,4.1,1.2,0
304,1.54074,-2.20927,-0.469194,-2.30384,-1.67319,-0.266938,0.0159677,0.842614,6.245,4.1,1.2,0
305,1.54074,-2.20927,-0.469194,-2.30384,-1.67319,-0.266938,0.0159677,0.873421,6.285,4.1,1.2,0
306,1.54074,-2.20927,-0.469194,-2.30384,-1.67319,-0.266938,0.0159677,0.904948,6.325,4.1,1.2,0
307,1.54074,-2.20927,-0.469194,-2.30384,-1.67319,-0.266938,0.0159677,0.937122,6.365,4.1,1.2,0
308,1.54074,-2.20927,-0.469194,-2.30384,-1.67319,-0.266938,0.0159677,0.969878,6.405,4.1,1.2,0
309,1.54074,-2.20927,-0.469194,-2.30384,-1.67319,-0.266938,0.0159677,1.00316,6.445,4.1,1.2,0
310,1.54074,-2.20927,-0.469194,-2.30384,-1.67319,-0.266938,0.0159677,1.03692,6.485,4.1,1.2,0
311,1.54074,-2.20927,-0.469194,-2.30384,-1.67319,-0.266938,0.0159677,0.773448,6.125,4.06,1.2,0
312,1.54074,-2.20927,-0.469194,-2.30384,-1.67319,-0.266938,0.0159677,0.80093,6.165,4.06,1.2,0
313,1.54074,-2.20927,-0.469194,-2.30384,-1.67319,-0.266938,0.0159677,0.82943,6.205,4.06,1.2,0
314,1.54074,-2.20927,-0.469194,-2.30384,-1.67319,-0.266938,0.0159677,0.858849,6.245,4.06,1.2,0
315,1.54074,-2.20927,-0.469194,-2.30384,-1.67319,-0.266938,0.0159677,0.889094,6.285,4.06,1.2,0
316,1.54074,-2.20927,-0.469194,-2.30384,-1.67319,-0.266938,0.0159677,0.920084,6.325,4.06,1.2,0
317,1.54074,-2.20927,-0.469194,-2.30384,-1.67319,-0.266938,0.0159677,0.951746,6.365,4.06,1.2,0
318,1.54074,-2.20927,-0.469194,-2.30384,-1.67319,-0.266938,0.0159677,0.984015,6.405,4.06,1.2,0
319,1.54074,-2.20927,-0.469194,-2.30384,-1.67319,-0.266938,0.0159677,1.01683,6.445,4.06,1.2,0
320,1.54074,-2.20927,-0.469194,-2.30384,-1.67319,-0.266938,0.0159677,1.05015,6.485,4.06,1.2,0
321,1.54074,-2.20927,-0.469194,-2.30384,-1.67319,-0.266938,0.0159677,0.793124,6.125,4.02,1.2,0
322,1.54074,-2.20927,-0.469194,-2.30384,-1.67319,-0.266938,0.0159677,0.819946,6.165,4.02,1.2,0
323,1.54074,-2.20927,-0.469194,-2.30384,-1.67319,-0.266938,0.0159677,0.847808,6.205,4.02,1.2,0
324,1.54074,-2.20927,-0.469194,-2.30384,-1.67319,-0.266938,0.0159677,0.876609,6.245,4.02,1.2,0
325,1.54074,-2.20927,-0.469194,-2.30384,-1.67319,-0.266938,0.0159677,0.906262,6.285,4.02,1.2,0
326,1.54074,-2.20927,-0.469194,-2.30384,-1.67319,-0.266938,0.0159677,0.936684,6.325,4.02,1.2,0
327,1.54074,-2.20927,-0.469194,-2.30384,-1.67319,-0.266938,0.0159677,0.967803,6.365,4.02,1.2,0
328,1.54074,-2.20927,-0.469194,-2.30384,-1.67319,-0.266938,0.0159677,0.999555,6.405,4.02,1.2,0
329,1.54074,-2.20927,-0.469194,-2.30384,-1.67319,-0.266938,0.0159677,1.03188,6.445,4.02,1.2,0
330,1.54074,-2.20927,-0.469194,-2.30384,-1.67319,-0.266938,0.0159677,1.06473,6.485,4.02,1.2,0
331,1.54074,-2.20927,-0.469194,-2.30384,-1.67319,-0.266938,0.0159677,0.81429,6.125,3.98,1.2,0
332,1.54074,-2.20927,-0.469194,-2.30384,-1.67319,-0.266938,0.0159677,0.840437,6.165,3.98,1.2,0
333,1.54074,-2.20927,-0.469194,-2.30384,-1.67319,-0.266938,0.0159677,0.867641,6.205,3.98,1.2,0
334,1.54074,-2.20927,-0.469194,-2.30384,-1.67319,-0.266938,0.0159677,0.895805,6.245,3.98,1.2,0
335,1.54074,-2.20927,-0.469194,-2.30384,-1.67319,-0.266938,0.0159677,0.924843,6.285,3.98,1.2,0
336,1.54074,-2.20927,-0.469194,-2.30384,-1.67319,-0.266938,0.0159677,0.954673,6.325,3.98,1.2,0
337,1.54074,-2.20927,-0.469194,-2.30384,-1.67319,-0.266938,0.0159677,0.985224,6.365,3.98,1.2,0
338,1.54074,-2.20927,-0.469194,-2.30384,-1.67319,-0.266938,0.0159677,1.01643,6.405,3.98,1.2,0
339,1.54074,-2.20927,-0.469194,-2.30384,-1.67319,-0.266938,0.0159677,1.04824,6.445,3.98,1.2,0
340,1.54074,-2.20927,-0.469194,-2.30384,-1.67319,-0.266938,0.0159677,1.08059,6.485,3.98,1.2,0
341,1.54074,-2.20927,-0.469194,-2.30384,-1.67319,-0.266938,0.0159677,0.836834,6.125,3.94,1.2,0
342,1.54074,-2.20927,-0.469194,-2.30384,-1.67319,-0.266938,0.0159677,0.862298,6.165,3.94,1.2,0
343,1.54074,-2.20927,-0.469194,-2.30384,-1.67319,-0.266938,0.0159677,0.888833,6.205,3.94,1.2,0
344,1.54074,-2.20927,-0.469194,-2.30384,-1.67319,-0.266938,0.0159677,0.916346,6.245,3.94,1.2,0
345,1.54074,-2.20927,-0.469194,-2.30384,-1.67319,-0.266938,0.0159677,0.944752,6.285,3.94,1.2,0
346,1.54074,-2.20927,-0.469194,-2.30384,-1.67319,-0.266938,0.0159677,0.973973,6.325,3.94,1.2,0
347,1.54074,-2.20927,-0.469194,-2.30384,-1.67319,-0.266938,0.0159677,1.00394,6.365,3.94,1.2,0
348,1.54074,-2.20927,-0.469194,-2.30384,-1.67319,-0.266938,0.0159677,1.03458,6.405,3.94,1.2,0
349,1.54074,-2.20927,-0.469194,-2.30384,-1.67319,-0.266938,0.0159677,1.06584,6.445,3.94,1.2,0
350,1.54074,-2.20927,-0.469194,-2.30384,-1.67319,-0.266938,0.0159677,1.09767,6.485,3.94,1.2,0
351,1.54074,-2.20927,-0.469194,-2.30384,-1.67319,-0.266938,0.0159677,0.860648,6.125,3.9,1.2,0
352,1.54074,-2.20927,-0.469194,-2.30384,-1.67319,-0.266938,0.0159677,0.885427,6.165,3.9,1.2,0
353,1.54074,-2.20927,-0.469194,-2.30384,-1.67319,-0.266938,0.0159677,0.911289,6.205,3.9,1.2,0
354,1.54074,-2.20927,-0.469194,-2.30384,-1.67319,-0.266938,0.0159677,0.938144,6.245,3.9,1.2,0
355,1.54074,-2.20927,-0.469194,-2.30384,-1.67319,-0.266938,0.0159677,0.965909,6.285,3.9,1.2,0
356,1.54074,-2.20927,-0.469194,-2.30384,-1.67319,-0.266938,0.0159677,0.994508,6.325,3.9,1.2,0
357,1.54074,-2.20927,-0.469194,-2.30384,-1.67319,-0.266938,0.0159677,1.02387,6.365,3.9,1.2,0
358,1.54074,-2.20927,-0.469194,-2.30384,-1.67319,-0.266938,0.0159677,1.05393,6.405,3.9,1.2,0
359,1.54074,-2.20927,-0.469194,-2.30384,-1.67319,-0.266938,0.0159677,1.08464,6.445,3.9,1.2,0
360,1.54074,-2.20927,-0.469194,-2.30384,-1.67319,-0.266938,0.0159677,1.11594,6.485,3.9,1.2,0
361,1.54074,-2.20927,-0.469194,-2.30384,-1.67319,-0.266938,0.0159677,0.885629,6.125,3.86,1.2,0
362,1.54074,-2.20927,-0.469194,-2.30384,-1.67319,-0.266938,0.0159677,0.909728,6.165,3.86,1.2,0
363,1.54074,-2.20927,-0.469194,-2.30384,-1.67319,-0.266938,0.0159677,0.934917,6.205,3.86,1.2,0
364,1.54074,-2.20927,-0.469194,-2.30384,-1.67319,-0.266938,0.0159677,0.961112,6.245,3.86,1.2,0
365,1.54074,-2.20927,-0.469194,-2.30384,-1.67319,-0.266938,0.0159677,0.988232,6.285,3.86,1.2,0
366,1.54074,-2.20927,-0.469194,-2.30384,-1.67319,-0.266938,0.0159677,1.0162,6.325,3.86,1.2,0
367,1.54074,-2.20927,-0.469194,-2.30384,-1.67319,-0.266938,0.0159677,1.04496,6.365,3.86,1.2,0
368,1.54074,-2.20927,-0.469194,-2.30384,-1.67319,-0.266938,0.0159677,1.07443,6.405,3.86,1.2,0
369,1.54074,-2.20927,-0.469194,-2.30384,-1.67319,-0.266938,0.0159677,1.10457,6.445,3.86,1.2,0
370,1.54074,-2.20927,-0.469194,-2.30384,-1.67319,-0.266938,0.0159677,1.13531,6.485,3.86,1.2,0
371,1.54074,-2.20927,-0.469194,-2.30384,-1.67319,-0.266938,0.0159677,0.91168,6.125,3.82,1.2,0
372,1.54074,-2.20927,-0.469194,-2.30384,-1.67319,-0.266938,0.0159677,0.935108,6.165,3.82,1.2,0
373,1.54074,-2.20927,-0.469194,-2.30384,-1.67319,-0.266938,0.0159677,0.959632,6.205,3.82,1.2,0
374,1.54074,-2.20927,-0.469194,-2.30384,-1.67319,-0.266938,0.0159677,0.98517,6.245,3.82,1.2,0
375,1.54074,-2.20927,-0.469194,-2.30384,-1.67319,-0.266938,0.0159677,1.01165,6.285,3.82,1.2,0
376,1.54074,-2.20927,-0.469194,-2.30384,-1.67319,-0.266938,0.0159677,1.03899,6.325,3.82,1.2,0
377,1.54074,-2.20927,-0.469194,-2.30384,-1.67319,-0.266938,0.0159677,1.06713,6.365,3.82,1.2,0
378,1.54074,-2.20927,-0.469194,-2.30384,-1.67319,-0.266938,0.0159677,1.096,6.405,3.82,1.2,0
379,1.54074,-2.20927,-0.469194,-2.30384,-1.67319,-0.266938,0.0159677,1.12556,6.445,3.82,1.2,0
380,1.54074,-2.20927,-0.469194,-2.30384,-1.67319,-0.266938,0.0159677,1.15575,6.485,3.82,1.2,0
381,1.54074,-2.20927,-0.469194,-2.30384,-1.67319,-0.266938,0.0159677,0.938714,6.125,3.78,1.2,0
382,1.54074,-2.20927,-0.469194,-2.30384,-1.67319,-0.266938,0.0159677,0.961484,6.165,3.78,1.2,0
383,1.54074,-2.20927,-0.469194,-2.30384,-1.67319,-0.266938,0.0159677,0.985351,6.205,3.78,1.2,0
384,1.54074,-2.20927,-0.469194,-2.30384,-1.67319,-0.266938,0.0159677,1.01024,6.245,3.78,1.2,0
385,1.54074,-2.20927,-0.469194,-2.30384,-1.67319,-0.266938,0.0159677,1.03607,6.285,3.78,1.2,0
386,1.54074,-2.20927,-0.469194,-2.30384,-1.67319,-0.266938,0.0159677,1.06279,6.325,3.78,1.2,0
387,1.54074,-2.20927,-0.469194,-2.30384,-1.67319,-0.266938,0.0159677,1.09031,6.365,3.78,1.2,0
388,1.54074,-2.20927,-0.469194,-2.30384,-1.67319,-0.266938,0.0159677,1.11859,6.405,3.78,1.2,0
389,1.54074,-2.20927,-0.469194,-2.30384,-1.67319,-0.266938,0.0159677,1.14757,6.445,3.78,1.2,0
390,1.54074,-2.20927,-0.469194,-2.30384,-1.67319,-0.266938,0.0159677,1.17719,6.485,3.78,1.2,0
391,1.54074,-2.20927,-0.469194,-2.30384,-1.67319,-0.266938,0.0159677,0.966648,6.125,3.74,1.2,0
392,1.54074,-2.20927,-0.469194,-2.30384,-1.67319,-0.266938,0.0159677,0.988774,6.165,3.74,1.2,0
393,1.54074,-2.20927,-0.469194,-2.30384,-1.67319,-0.266938,0.0159677,1.012,6.205,3.74,1.2,0
394,1.54074,-2.20927,-0.469194,-2.30384,-1.67319,-0.266938,0.0159677,1.03625,6.245,3.74,1.2,0
395,1.54074,-2.20927,-0.469194,-2.30384,-1.67319,-0.266938,0.0159677,1.06145,6.285,3.74,1.2,0
396,1.54074,-2.20927,-0.469194,-2.30384,-1.67319,-0.266938,0.0159677,1.08754,6.325,3.74,1.2,0
397,1.54074,-2.20927,-0.469194,-2.30384,-1.67319,-0.266938,0.0159677,1.11445,6.365,3.74,1.2,0
398,1.54074,-2.20927,-0.469194,-2.30384,-1.67319,-0.266938,0.0159677,1.14213,6.405,3.74,1.2,0
399,1.54074,-2.20927,-0.469194,-2.30384,-1.67319,-0.266938,0.0159677,1.17053,6.445,3.74,1.2,0
400,1.54074,-2.20927,-0.469194,-2.30384,-1.67319,-0.266938,0.0159677,1.19959,6.485,3.74,1.2,0
401,1.54074,-2.20927,-0.469194,-2.30384,-1.67319,-0.266938,0.0159677,0.995405,6.125,3.7,1.2,0
402,1.54074,-2.20927,-0.469194,-2.30384,-1.67319,-0.266938,0.0159677,1.01691,6.165,3.7,1.2,0
403,1.54074,-2.20927,-0.469194,-2.30384,-1.67319,-0.266938,0.0159677,1.0395,6.205,3.7,1.2,0
404,1.54074,-2.20927,-0.469194,-2.30384,-1.67319,-0.266938,0.0159677,1.06312,6.245,3.7,1.2,0
405,1.54074,-2.20927,-0.469194,-2.30384,-1.67319,-0.266938,0.0159677,1.0877,6.285,3.7,1.2,0
406,1.54074,-2.20927,-0.469194,-2.30384,-1.67319,-0.266938,0.0159677,1.11318,6.325,3.7,1.2,0
407,1.54074,-2.20927,-0.469194,-2.30384,-1.67319,-0.266938,0.0159677,1.13949,6.365,3.7,1.2,0
408,1.54074,-2.20927,-0.469194,-2.30384,-1.67319,-0.266938,0.0159677,1.16657,6.405,3.7,1.2,0
409,1.54074,-2.20927,-0.469194,-2.30384,-1.67319,-0.266938,0.0159677,1.19439,6.445,3.7,1.2,0
410,1.54074,-2.20927,-0.469194,-2.30384,-1.67319,-0.266938,0.0159677,1.22288,6.485,3.7,1.2,0
411,1.54074,-2.20927,-0.469194,-2.30384,-1.67319,-0.266938,0.0159677,1.02492,6.125,3.66,1.2,0
412,1.54074,-2.20927,-0.469194,-2.30384,-1.67319,-0.266938,0.0159677,1.04581,6.165,3.66,1.2,0
413,1.54074,-2.20927,-0.469194,-2.30384,-1.67319,-0.266938,0.0159677,1.0678,6.205,3.66,1.2,0
414,1.54074,-2.20927,-0.469194,-2.30384,-1.67319,-0.266938,0.0159677,1.0908,6.245,3.66,1.2,0
415,1.54074,-2.20927,-0.469194,-2.30384,-1.67319,-0.266938,0.0159677,1.11477,6.285,3.66,1.2,0
416,1.54074,-2.20927,-0.469194,-2.30384,-1.67319,-0.266938,0.0159677,1.13964,6.325,3.66,1.2,0
417,1.54074,-2.20927,-0.469194,-2.30384,-1.67319,-0.266938,0.0159677,1.16535,6.365,3.66,1.2,0
418,1.54074,-2.20927,-0.469194,-2.30384,-1.67319,-0.266938,0.0159677,1.19185,6.405,3.66,1.2,0
419,1.54074,-2.20927,-0.469194,-2.30384,-1.67319,-0.266938,0.0159677,1.21909,6.445,3.66,1.2,0
420,1.54074,-2.20927,-0.469194,-2.30384,-1.67319,-0.266938,0.0159677,1.24702,6.485,3.66,1.2,0
421,1.54074,-2.20927,-0.469194,-2.30384,-1.67319,-0.266938,0.0159677,1.05512,6.125,3.62,1.2,0
422,1.54074,-2.20927,-0.469194,-2.30384,-1.67319,-0.266938,0.0159677,1.07543,6.165,3.62,1.2,0
423,1.54074,-2.20927,-0.469194,-2.30384,-1.67319,-0.266938,0.0159677,1.09682,6.205,3.62,1.2,0
424,1.54074,-2.20927,-0.469194,-2.30384,-1.67319,-0.266938,0.0159677,1.11923,6.245,3.62,1.2,0
425,1.54074,-2.20927,-0.469194,-2.30384,-1.67319,-0.266938,0.0159677,1.1426,6.285,3.62,1.2,0
426,1.54074,-2.20927,-0.469194,-2.30384,-1.67319,-0.266938,0.0159677,1.16688,6.325,3.62,1.2,0
427,1.54074,-2.20927,-0.469194,-2.30384,-1.67319,-0.266938,0.0159677,1.192,6.365,3.62,1.2,0
428,1.54074,-2.20927,-0.469194,-2.30384,-1.67319,-0.266938,0.0159677,1.21792,6.405,3.62,1.2,0
429,1.54074,-2.20927,-0.469194,-2.30384,-1.67319,-0.266938,0.0159677,1.24459,6.445,3.62,1.2,0
430,1.54074,-2.20927,-0.469194,-2.30384,-1.67319,-0.266938,0.0159677,1.27196,6.485,3.62,1.2,0
431,1.54074,-2.20927,-0.469194,-2.30384,-1.67319,-0.266938,0.0159677,1.08596,6.125,3.58,1.2,0
432,1.54074,-2.20927,-0.469194,-2.30384,-1.67319,-0.266938,0.0159677,1.1057,6.165,3.58,1.2,0
433,1.54074,-2.20927,-0.469194,-2.30384,-1.67319,-0.266938,0.0159677,1.12651,6.205,3.58,1.2,0
434,1.54074,-2.20927,-0.469194,-2.30384,-1.67319,-0.266938,0.0159677,1.14835,6.245,3.58,1.2,0
435,1.54074,-2.20927,-0.469194,-2.30384,-1.67319,-0.266938,0.0159677,1.17114,6.285,3.58,1.2,0
436,1.54074,-2.20927,-0.469194,-2.30384,-1.67319,-0.266938,0.0159677,1.19484,6.325,3.58,1.2,0
437,1.54074,-2.20927,-0.469194,-2.30384,-1.67319,-0.266938,0.0159677,1.21938,6.365,3.58,1.2,0
438,1.54074,-2.20927,-0.469194,-2.30384,-1.67319,-0.266938,0.0159677,1.24473,6.405,3.58,1.2,0
439,1.54074,-2.20927,-0.469194,-2.30384,-1.67319,-0.266938,0.0159677,1.27084,6.445,3.58,1.2,0
440,1.54074,-2.20927,-0.469194,-2.30384,-1.67319,-0.266938,0.0159677,1.29765,6.485,3.58,1.2,0
441,1.54074,-2.20927,-0.469194,-2.30384,-1.67319,-0.266938,0.0159677,0.611348,6.125,4.42,0.44,0
442,1.54074,-2.20927,-0.469194,-2.30384,-1.67319,-0.266938,0.0159677,0.645765,6.165,4.42,0.44,0
443,1.54074,-2.20927,-0.469194,-2.30384,-1.67319,-0.266938,0.0159677,0.680793,6.205,4.42,0.44,0
444,1.54074,-2.20927,-0.469194,-2.30384,-1.67319,-0.266938,0.0159677,0.716342,6.245,4.42,0.44,0
445,1.54074,-2.20927,-0.469194,-2.30384,-1.67319,-0.266938,0.0159677,0.752338,6.285,4.42,0.44,0
446,1.54074,-2.20927,-0.469194,-2.30384,-1.67319,-0.266938,0.0159677,0.788719,6.325,4.42,0.44,0
447,1.54074,-2.20927,-0.469194,-2.30384,-1.67319,-0.266938,0.0159677,0.825436,6.365,4.42,0.44,0
448,1.54074,-2.20927,-0.469194,-2.30384,-1.67319,-0.266938,0.0159677,0.862445,6.405,4.42,0.44,0
449,1.54074,-2.20927,-0.469194,-2.30384,-1.67319,-0.266938,0.0159677,0.899709,6.445,4.42,0.44,0
450,1.54074,-2.20927,-0.469194,-2.30384,-1.67319,-0.266938,0.0159677,0.9372,6.485,4.42,0.44,0
451,1.54074,-2.20927,-0.469194,-2.30384,-1.67319,-0.266938,0.0159677,0.613001,6.125,4.38,0.44,0
452,1.54074,-2.20927,-0.469194,-2.30384,-1.67319,-0.266938,0.0159677,0.64733,6.165,4.38,0.44,0
453,1.54074,-2.20927,-0.469194,-2.30384,-1.67319,-0.266938,0.0159677,0.682277,6.205,4.38,0.44,0
454,1.54074,-2.20927,-0.469194,-2.30384,-1.67319,-0.266938,0.0159677,0.717753,6.245,4.38,0.44,0
455,1.54074,-2.20927,-0.469194,-2.30384,-1.67319,-0.266938,0.0159677,0.753681,6.285,4.38,0.44,0
456,1.54074,-2.20927,-0.469194,-2.30384,-1.67319,-0.266938,0.0159677,0.790001,6.325,4.38,0.44,0
457,1.54074,-2.20927,-0.469194,-2.30384,-1.67319,-0.266938,0.0159677,0.826661,6.365,4.38,0.44,0
458,1.54074,-2.20927,-0.469194,-2.30384,-1.67319,-0.266938,0.0159677,0.863617,6.405,4.38,0.44,0
459,1.54074,-2.20927,-0.469194,-2.30384,-1.67319,-0.266938,0.0159677,0.900833,6.445,4.38,0.44,0
460,1.54074,-2.20927,-0.469194,-2.30384,-1.67319,-0.266938,0.0159677,0.938278,6.485,4.38,0.44,0
461,1.54074,-2.20927,-0.469194,-2.30384,-1.67319,-0.266938,0.0159677,0.617246,6.125,4.34,0.44,0
462,1.54074,-2.20927,-0.469194,-2.30384,-1.67319,-0.266938,0.0159677,0.651352,6.165,4.34,0.44,0
463,1.54074,-2.20927,-0.469194,-2.30384,-1.67319,-0.266938,0.0159677,0.686094,6.205,4.34,0.44,0
464,1.54074,-2.20927,-0.469194,-2.30384,-1.67319,-0.266938,0.0159677,0.721382,6.245,4.34,0.44,0
465,1.54074,-2.20927,-0.469194,-2.30384,-1.67319,-0.266938,0.0159677,0.757138,6.285,4.34,0.44,0
466,1.54074,-2.20927,-0.469194,-2.30384,-1.67319,-0.266938,0.0159677,0.7933,6.325,4.34,0.44,0
467,1.54074,-2.20927,-0.469194,-2.30384,-1.67319,-0.266938,0.0159677,0.829814,6.365,4.34,0.44,0
468,1.54074,-2.20927,-0.469194,-2.30384,-1.67319,-0.266938,0.0159677,0.866636,6.405,4.34,0.44,0
469,1.54074,-2.20927,-0.469194,-2.30384,-1.67319,-0.266938,0.0159677,0.903728,6.445,4.34,0.44,0
470,1.54074,-2.20927,-0.469194,-2.30384,-1.67319,-0.266938,0.0159677,0.941058,6.485,4.34,0.44,0
471,1.54074,-2.20927,-0.469194,-2.30384,-1.67319,-0.266938,0.0159677,0.624032,6.125,4.3,0.44,0
472,1.54074,-2.20927,-0.469194,-2.30384,-1.67319,-0.266938,0.0159677,0.657786,6.165,4.3,0.44,0
473,1.54074,-2.20927,-0.469194,-2.30384,-1.67319,-0.266938,0.0159677,0.692206,6.205,4.3,0.44,0
474,1.54074,-2.20927,-0.469194,-2.30384,-1.67319,-0.266938,0.0159677,0.727197,6.245,4.3,0.44,0
475,1.54074,-2.20927,-0.469194,-2.30384,-1.67319,-0.266938,0.0159677,0.76268,6.285,4.3,0.44,0
476,1.54074,-2.20927,-0.469194,-2.30384,-1.67319,-0.266938,0.0159677,0.798591,6.325,4.3,0.44,0
477,1.54074,-2.20927,-0.469194,-2.30384,-1.67319,-0.266938,0.0159677,0.834874,6.365,4.3,0.44,0
478,1.54074,-2.20927,-0.469194,-2.30384,-1.67319,-0.266938,0.0159677,0.871482,6.405,4.3,0.44,0
479,1.54074,-2.20927,-0.469194,-2.30384,-1.67319,-0.266938,0.0159677,0.908376,6.445,4.3,0.44,0
480,1.54074,-2.20927,-0.469194,-2.30384,-1.67319,-0.266938,0.0159677,0.945523,6.485,4.3,0.44,0
481,1.54074,-2.20927,-0.469194,-2.30384,-1.67319,-0.266938,0.0159677,0.633277,6.125,4.26,0.44,0
482,1.54074,-2.20927,-0.469194,-2.30384,-1.67319,-0.266938,0.0159677,0.666563,6.165,4.26,0.44,0
483,1.54074,-2.20927,-0.469194,-2.30384,-1.67319,-0.266938,0.0159677,0.700551,6.205,4.26,0.44,0
484,1.54074,-2.20927,-0.469194,-2.30384,-1.67319,-0.266938,0.0159677,0.735145,6.245,4.26,0.44,0
485,1.54074,-2.20927,-0.469194,-2.30384,-1.67319,-0.266938,0.0159677,0.770263,6.285,4.26,0.44,0
486,1.54074,-2.20927,-0.469194,-2.30384,-1.67319,-0.266938,0.0159677,0.805835,6.325,4.26,0.44,0
487,1.54074,-2.20927,-0.469194,-2.30384,-1.67319,-0.266938,0.0159677,0.841806,6.365,4.26,0.44,0
488,1.54074,-2.20927,-0.469194,-2.30384,-1.67319,-0.266938,0.0159677,0.878125,6.405,4.26,0.44,0
489,1.54074,-2.20927,-0.469194,-2.30384,-1.67319,-0.266938,0.0159677,0.914751,6.445,4.26,0.44,0
490,1.54074,-2.20927,-0.469194,-2.30384,-1.67319,-0.266938,0.0159677,0.951649,6.485,4.26,0.44,0
491,1.54074,-2.20927,-0.469194,-2.30384,-1.67319,-0.266938,0.0159677,0.644874,6.125,4.22,0.44,1
492,1.54074,-2.20927,-0.469194,-2.30384,-1.67319,-0.266938,0.0159677,0.67759,6.165,4.22,0.44,1
493,1.54074,-2.20927,-0.469194,-2.30384,-1.67319,-0.266938,0.0159677,0.711052,6.205,4.22,0.44,0
494,1.54074,-2.20927,-0.469194,-2.30384,-1.67319,-0.266938,0.0159677,0.745159,6.245,4.22,0.44,0
495,1.54074,-2.20927,-0.469194,-2.30384,-1.67319,-0.266938,0.0159677,0.779825,6.285,4.22,0.44,0
496,1.54074,-2.20927,-0.469194,-2.30384,-1.67319,-0.266938,0.0159677,0.814981,6.325,4.22,0.44,0
497,1.54074,-2.20927,-0.469194,-2.30384,-1.67319,-0.266938,0.0159677,0.850565,6.365,4.22,0.44,0
498,1.54074,-2.20927,-0.469194,-2.30384,-1.67319,-0.266938,0.0159677,0.886525,6.405,4.22,0.44,0
499,1.54074,-2.20927,-0.469194,-2.30384,-1.67319,-0.266938,0.0159677,0.922818,6.445,4.22,0.44,0
500,1.54074,-2.20927,-0.469194,-2.30384,-1.67319,-0.266938,0.0159677,0.959406,6.485,4.22,0.44,0
501,1.54074,-2.20927,-0.469194,-2.30384,-1.67319,-0.266938,0.0159677,0.6587,6.125,4.18,0.44,0
502,1.54074,-2.20927,-0.469194,-2.30384,-1.67319,-0.266938,0.0159677,0.690762,6.165,4.18,0.44,0
503,1.54074,-2.20927,-0.469194,-2.30384,-1.67319,-0.266938,0.0159677,0.723615,6.205,4.18,0.44,0
504,1.54074,-2.20927,-0.469194,-2.30384,-1.67319,-0.266938,0.0159677,0.757156,6.245,4.18,0.44,0
505,1.54074,-2.20927,-0.469194,-2.30384,-1.67319,-0.266938,0.0159677,0.791297,6.285,4.18,0.44,0
506,1.54074,-2.20927,-0.469194,-2.30384,-1.67319,-0.266938,0.0159677,0.825964,6.325,4.18,0.44,0
507,1.54074,-2.20927,-0.469194,-2.30384,-1.67319,-0.266938,0.0159677,0.861094,6.365,4.18,0.44,0
508,1.54074,-2.20927,-0.469194,-2.30384,-1.67319,-0.266938,0.0159677,0.896632,6.405,4.18,0.44,0
509,1.54074,-2.20927,-0.469194,-2.30384,-1.67319,-0.266938,0.0159677,0.932532,6.445,4.18,0.44,0
510,1.54074,-2.20927,-0.469194,-2.30384,-1.67319,-0.266938,0.0159677,0.968753,6.485,4.18,0.44,0
511,1.54074,-2.20927,-0.469194,-2.30384,-1.67319,-0.266938,0.0159677,0.674618,6.125,4.14,0.44,0
512,1.54074,-2.20927,-0.469194,-2.30384,-1.67319,-0.266938,0.0159677,0.705957,6.165,4.14,0.44,1
513,1.54074,-2.20927,-0.469194,-2.30384,-1.67319,-0.266938,0.0159677,0.738134,6.205,4.14,0.44,0
514,1.54074,-2.20927,-0.469194,-2.30384,-1.67319,-0.266938,0.0159677,0.771043,6.245,4.14,0.44,0
515,1.54074,-2.20927,-0.469194,-2.30384,-1.67319,-0.266938,0.0159677,0.804596,6.285,4.14,0.44,0
516,1.54074,-2.20927,-0.469194,-2.30384,-1.67319,-0.266938,0.0159677,0.838713,6.325,4.14,0.44,0
517,1.54074,-2.20927,-0.469194,-2.30384,-1.67319,-0.266938,0.0159677,0.873331,6.365,4.14,0.44,0
518,1.54074,-2.20927,-0.469194,-2.30384,-1.67319,-0.266938,0.0159677,0.90839,6.405,4.14,0.44,0
519,1.54074,-2.20927,-0.469194,-2.30384,-1.67319,-0.266938,0.0159677,0.943843,6.445,4.14,0.44,0
520,1.54074,-2.20927,-0.469194,-2.30384,-1.67319,-0.266938,0.0159677,0.979646,6.485,4.14,0.44,0
521,1.54074,-2.20927,-0.469194,-2.30384,-1.67319,-0.266938,0.0159677,0.692482,6.125,4.1,0.44,1
522,1.54074,-2.20927,-0.469194,-2.30384,-1.67319,-0.266938,0.0159677,0.723048,6.165,4.1,0.44,0
523,1.54074,-2.20927,-0.469194,-2.30384,-1.67319,-0.266938,0.0159677,0.754496,6.205,4.1,0.44,0
524,1.54074,-2.20927,-0.469194,-2.30384,-1.67319,-0.266938,0.0159677,0.786722,6.245,4.1,0.44,0
525,1.54074,-2.20927,-0.469194,-2.30384,-1.67319,-0.266938,0.0159677,0.819632,6.285,4.1,0.44,0
526,1.54074,-2.20927,-0.469194,-2.30384,-1.67319,-0.266938,0.0159677,0.853149,6.325,4.1,0.44,0
527,1.54074,-2.20927,-0.469194,-2.30384,-1.67319,-0.266938,0.0159677,0.887203,6.365,4.1,0.44,0
528,1.54074,-2.20927,-0.469194,-2.30384,-1.67319,-0.266938,0.0159677,0.921735,6.405,4.1,0.44,0
529,1.54074,-2.20927,-0.469194,-2.30384,-1.67319,-0.266938,0.0159677,0.956693,6.445,4.1,0.44,0
530,1.54074,-2.20927,-0.469194,-2.30384,-1.67319,-0.266938,0.0159677,0.992033,6.485,4.1,0.44,0
531,1.54074,-2.20927,-0.469194,-2.30384,-1.67319,-0.266938,0.0159677,0.712148,6.125,4.06,0.44,1
532,1.54074,-2.20927,-0.469194,-2.30384,-1.67319,-0.266938,0.0159677,0.741904,6.165,4.06,0.44,1
533,1.54074,-2.20927,-0.469194,-2.30384,-1.67319,-0.266938,0.0159677,0.772585,6.205,4.06,0.44,0
534,1.54074,-2.20927,-0.469194,-2.30384,-1.67319,-0.266938,0.0159677,0.804086,6.245,4.06,0.44,0
535,1.54074,-2.20927,-0.469194,-2.30384,-1.67319,-0.266938,0.0159677,0.836314,6.285,4.06,0.44,0
536,1.54074,-2.20927,-0.469194,-2.30384,-1.67319,-0.266938,0.0159677,0.869187,6.325,4.06,0.44,0
537,1.54074,-2.20927,-0.469194,-2.30384,-1.67319,-0.266938,0.0159677,0.902637,6.365,4.06,0.44,0
538,1.54074,-2.20927,-0.469194,-2.30384,-1.67319,-0.266938,0.0159677,0.9366,6.405,4.06,0.44,0
539,1.54074,-2.20927,-0.469194,-2.30384,-1.67319,-0.266938,0.0159677,0.971023,6.445,4.06,0.44,0
540,1.54074,-2.20927,-0.469194,-2.30384,-1.67319,-0.266938,0.0159677,1.00586,6.485,4.06,0.44,0
541,1.54074,-2.20927,-0.469194,-2.30384,-1.67319,-0.266938,0.0159677,0.73347,6.125,4.02,0.44,1
542,1.54074,-2.20927,-0.469194,-2.30384,-1.67319,-0.266938,0.0159677,0.762394,6.165,4.02,0.44,1
543,1.54074,-2.20927,-0.469194,-2.30384,-1.67319,-0.266938,0.0159677,0.792282,6.205,4.02,0.44,0
544,1.54074,-2.20927,-0.469194,-2.30384,-1.67319,-0.266938,0.0159677,0.823029,6.245,4.02,0.44,0
545,1.54074,-2.20927,-0.469194,-2.30384,-1.67319,-0.266938,0.0159677,0.854543,6.285,4.02,0.44,0
546,1.54074,-2.20927,-0.469194,-2.30384,-1.67319,-0.266938,0.0159677,0.886741,6.325,4.02,0.44,0
547,1.54074,-2.20927,-0.469194,-2.30384,-1.67319,-0.266938,0.0159677,0.919552,6.365,4.02,0.44,0
548,1.54074,-2.20927,-0.469194,-2.30384,-1.67319,-0.266938,0.0159677,0.952913,6.405,4.02,0.44,0
549,1.54074,-2.20927,-0.469194,-2.30384,-1.67319,-0.266938,0.0159677,0.986767,6.445,4.02,0.44,0
550,1.54074,-2.20927,-0.469194,-2.30384,-1.67319,-0.266938,0.0159677,1.02107,6.485,4.02,0.44,0
551,1.54074,-2.20927,-0.469194,-2.30384,-1.67319,-0.266938,0.0159677,0.756308,6.125,3.98,0.44,1
552,1.54074,-2.20927,-0.469194,-2.30384,-1.67319,-0.266938,0.0159677,0.78439,6.165,3.98,0.44,1
553,1.54074,-2.20927,-0.469194,-2.30384,-1.67319,-0.266938,0.0159677,0.81347,6.205,3.98,0.44,0
554,1.54074,-2.20927,-0.469194,-2.30384,-1.67319,-0.266938,0.0159677,0.843446,6.245,3.98,0.44,0
555,1.54074,-2.20927,-0.469194,-2.30384,-1.67319,-0.266938,0.0159677,0.874223,6.285,3.98,0.44,0
556,1.54074,-2.20927,-0.469194,-2.30384,-1.67319,-0.266938,0.0159677,0.905722,6.325,3.98,0.44,0
557,1.54074,-2.20927,-0.469194,-2.30384,-1.67319,-0.266938,0.0159677,0.93787,6.365,3.98,0.44,0
558,1.54074,-2.20927,-0.469194,-2.30384,-1.67319,-0.266938,0.0159677,0.970601,6.405,3.98,0.44,0
559,1.54074,-2.20927,-0.469194,-2.30384,-1.67319,-0.266938,0.0159677,1.00386,6.445,3.98,0.44,0
560,1.54074,-2.20927,-0.469194,-2.30384,-1.67319,-0.266938,0.0159677,1.03759,6.485,3.98,0.44,0
561,1.54074,-2.20927,-0.469194,-2.30384,-1.67319,-0.266938,0.0159677,0.780528,6.125,3.94,0.44,0
562,1.54074,-2.20927,-0.469194,-2.30384,-1.67319,-0.266938,0.0159677,0.807769,6.165,3.94,0.44,1
563,1.54074,-2.20927,-0.469194,-2.30384,-1.67319,-0.266938,0.0159677,0.836037,6.205,3.94,0.44,0
564,1.54074,-2.20927,-0.469194,-2.30384,-1.67319,-0.266938,0.0159677,0.86523,6.245,3.94,0.44,0
565,1.54074,-2.20927,-0.469194,-2.30384,-1.67319,-0.266938,0.0159677,0.89526,6.285,3.94,0.44,0
566,1.54074,-2.20927,-0.469194,-2.30384,-1.67319,-0.266938,0.0159677,0.926043,6.325,3.94,0.44,0
567,1.54074,-2.20927,-0.469194,-2.30384,-1.67319,-0.266938,0.0159677,0.957508,6.365,3.94,0.44,0
568,1.54074,-2.20927,-0.469194,-2.30384,-1.67319,-0.266938,0.0159677,0.98959,6.405,3.94,0.44,0
569,1.54074,-2.20927,-0.469194,-2.30384,-1.67319,-0.266938,0.0159677,1.02223,6.445,3.94,0.44,0
570,1.54074,-2.20927,-0.469194,-2.30384,-1.67319,-0.266938,0.0159677,1.05538,6.485,3.94,0.44,0
571,1.54074,-2.20927,-0.469194,-2.30384,-1.67319,-0.266938,0.0159677,0.806007,6.125,3.9,0.44,1
572,1.54074,-2.20927,-0.469194,-2.30384,-1.67319,-0.266938,0.0159677,0.832415,6.165,3.9,0.44,1
573,1.54074,-2.20927,-0.469194,-2.30384,-1.67319,-0.266938,0.0159677,0.859872,6.205,3.9,0.44,0
574,1.54074,-2.20927,-0.469194,-2.30384,-1.67319,-0.266938,0.0159677,0.888283,6.245,3.9,0.44,0
575,1.54074,-2.20927,-0.469194,-2.30384,-1.67319,-0.266938,0.0159677,0.917558,6.285,3.9,0.44,0
576,1.54074,-2.20927,-0.469194,-2.30384,-1.67319,-0.266938,0.0159677,0.947618,6.325,3.9,0.44,0
577,1.54074,-2.20927,-0.469194,-2.30384,-1.67319,-0.266938,0.0159677,0.978389,6.365,3.9,0.44,0
578,1.54074,-2.20927,-0.469194,-2.30384,-1.67319,-0.266938,0.0159677,1.00981,6.405,3.9,0.44,0
579,1.54074,-2.20927,-0.469194,-2.30384,-1.67319,-0.266938,0.0159677,1.04181,6.445,3.9,0.44,0
580,1.54074,-2.20927,-0.469194,-2.30384,-1.67319,-0.266938,0.0159677,1.07436,6.485,3.9,0.44,0
581,1.54074,-2.20927,-0.469194,-2.30384,-1.67319,-0.266938,0.0159677,0.832629,6.125,3.86,0.44,1
582,1.54074,-2.20927,-0.469194,-2.30384,-1.67319,-0.266938,0.0159677,0.858217,6.165,3.86,0.44,1
583,1.54074,-2.20927,-0.469194,-2.30384,-1.67319,-0.266938,0.0159677,0.884875,6.205,3.86,0.44,0
584,1.54074,-2.20927,-0.469194,-2.30384,-1.67319,-0.266938,0.0159677,0.912507,6.245,3.86,0.44,0
585,1.54074,-2.20927,-0.469194,-2.30384,-1.67319,-0.266938,0.0159677,0.941029,6.285,3.86,0.44,0
586,1.54074,-2.20927,-0.469194,-2.30384,-1.67319,-0.266938,0.0159677,0.970362,6.325,3.86,0.44,0
587,1.54074,-2.20927,-0.469194,-2.30384,-1.67319,-0.266938,0.0159677,1.00043,6.365,3.86,0.44,0
588,1.54074,-2.20927,-0.469194,-2.30384,-1.67319,-0.266938,0.0159677,1.03118,6.405,3.86,0.44,0
589,1.54074,-2.20927,-0.469194,-2.30384,-1.67319,-0.266938,0.0159677,1.06254,6.445,3.86,0.44,0
590,1.54074,-2.20927,-0.469194,-2.30384,-1.67319,-0.266938,0.0159677,1.09447,6.485,3.86,0.44,0
591,1.54074,-2.20927,-0.469194,-2.30384,-1.67319,-0.266938,0.0159677,0.860287,6.125,3.82,0.44,1
592,1.54074,-2.20927,-0.469194,-2.30384,-1.67319,-0.266938,0.0159677,0.885077,6.165,3.82,0.44,0
593,1.54074,-2.20927,-0.469194,-2.30384,-1.67319,-0.266938,0.0159677,0.910948,6.205,3.82,0.44,0
594,1.54074,-2.20927,-0.469194,-2.30384,-1.67319,-0.266938,0.0159677,0.937813,6.245,3.82,0.44,0
595,1.54074,-2.20927,-0.469194,-2.30384,-1.67319,-0.266938,0.0159677,0.965588,6.285,3.82,0.44,0
596,1.54074,-2.20927,-0.469194,-2.30384,-1.67319,-0.266938,0.0159677,0.994196,6.325,3.82,0.44,0
597,1.54074,-2.20927,-0.469194,-2.30384,-1.67319,-0.266938,0.0159677,1.02357,6.365,3.82,0.44,0
598,1.54074,-2.20927,-0.469194,-2.30384,-1.67319,-0.266938,0.0159677,1.05364,6.405,3.82,0.44,0
599,1.54074,-2.20927,-0.469194,-2.30384,-1.67319,-0.266938,0.0159677,1.08435,6.445,3.82,0.44,0
600,1.54074,-2.20927,-0.469194,-2.30384,-1.67319,-0.266938,0.0159677,1.11566,6.485,3.82,0.44,0
601,1.54074,-2.20927,-0.469194,-2.30384,-1.67319,-0.266938,0.0159677,0.888885,6.125,3.78,0.44,1
602,1.54074,-2.20927,-0.469194,-2.30384,-1.67319,-0.266938,0.0159677,0.912898,6.165,3.78,0.44,0
603,1.54074,-2.20927,-0.469194,-2.30384,-1.67319,-0.266938,0.0159677,0.938003,6.205,3.78,0.44,0
604,1.54074,-2.20927,-0.469194,-2.30384,-1.67319,-0.266938,0.0159677,0.964114,6.245,3.78,0.44,0
605,1.54074,-2.20927,-0.469194,-2.30384,-1.67319,-0.266938,0.0159677,0.991152,6.285,3.78,0.44,0
606,1.54074,-2.20927,-0.469194,-2.30384,-1.67319,-0.266938,0.0159677,1.01904,6.325,3.78,0.44,0
607,1.54074,-2.20927,-0.469194,-2.30384,-1.67319,-0.266938,0.0159677,1.04772,6.365,3.78,0.44,0
608,1.54074,-2.20927,-0.469194,-2.30384,-1.67319,-0.266938,0.0159677,1.07712,6.405,3.78,0.44,0
609,1.54074,-2.20927,-0.469194,-2.30384,-1.67319,-0.266938,0.0159677,1.10718,6.445,3.78,0.44,0
610,1.54074,-2.20927,-0.469194,-2.30384,-1.67319,-0.266938,0.0159677,1.13786,6.485,3.78,0.44,0
611,1.54074,-2.20927,-0.469194,-2.30384,-1.67319,-0.266938,0.0159677,0.918336,6.125,3.74,0.44,1
612,1.54074,-2.20927,-0.469194,-2.30384,-1.67319,-0.266938,0.0159677,0.941598,6.165,3.74,0.44,0
613,1.54074,-2.20927,-0.469194,-2.30384,-1.67319,-0.266938,0.0159677,0.965957,6.205,3.74,0.44,0
614,1.54074,-2.20927,-0.469194,-2.30384,-1.67319,-0.266938,0.0159677,0.991332,6.245,3.74,0.44,0
615,1.54074,-2.20927,-0.469194,-2.30384,-1.67319,-0.266938,0.0159677,1.01765,6.285,3.74,0.44,0
616,1.54074,-2.20927,-0.469194,-2.30384,-1.67319,-0.266938,0.0159677,1.04483,6.325,3.74,0.44,0
617,1.54074,-2.20927,-0.469194,-2.30384,-1.67319,-0.266938,0.0159677,1.07282,6.365,3.74,0.44,0
618,1.54074,-2.20927,-0.469194,-2.30384,-1.67319,-0.266938,0.0159677,1.10155,6.405,3.74,0.44,0
619,1.54074,-2.20927,-0.469194,-2.30384,-1.67319,-0.266938,0.0159677,1.13096,6.445,3.74,0.44,0
620,1.54074,-2.20927,-0.469194,-2.30384,-1.67319,-0.266938,0.0159677,1.16101,6.485,3.74,0.44,0
621,1.54074,-2.20927,-0.469194,-2.30384,-1.67319,-0.266938,0.0159677,0.948559,6.125,3.7,0.44,0
622,1.54074,-2.20927,-0.469194,-2.30384,-1.67319,-0.266938,0.0159677,0.971097,6.165,3.7,0.44,0
623,1.54074,-2.20927,-0.469194,-2.30384,-1.67319,-0.266938,0.0159677,0.994734,6.205,3.7,0.44,0
624,1.54074,-2.20927,-0.469194,-2.30384,-1.67319,-0.266938,0.0159677,1.01939,6.245,3.7,0.44,0
625,1.54074,-2.20927,-0.469194,-2.30384,-1.67319,-0.266938,0.0159677,1.045,6.285,3.7,0.44,0
626,1.54074,-2.20927,-0.469194,-2.30384,-1.67319,-0.266938,0.0159677,1.07149,6.325,3.7,0.44,0
627,1.54074,-2.20927,-0.469194,-2.30384,-1.67319,-0.266938,0.0159677,1.0988,6.365,3.7,0.44,0
628,1.54074,-2.20927,-0.469194,-2.30384,-1.67319,-0.266938,0.0159677,1.12687,6.405,3.7,0.44,0
629,1.54074,-2.20927,-0.469194,-2.30384,-1.67319,-0.266938,0.0159677,1.15564,6.445,3.7,0.44,0
630,1.54074,-2.20927,-0.469194,-2.30384,-1.67319,-0.266938,0.0159677,1.18506,6.485,3.7,0.44,0
631,1.54074,-2.20927,-0.469194,-2.30384,-1.67319,-0.266938,0.0159677,0.979483,6.125,3.66,0.44,0
632,1.54074,-2.20927,-0.469194,-2.30384,-1.67319,-0.266938,0.0159677,1.00133,6.165,3.66,0.44,0
633,1.54074,-2.20927,-0.469194,-2.30384,-1.67319,-0.266938,0.0159677,1.02427,6.205,3.66,0.44,0
634,1.54074,-2.20927,-0.469194,-2.30384,-1.67319,-0.266938,0.0159677,1.04823,6.245,3.66,0.44,0
635,1.54074,-2.20927,-0.469194,-2.30384,-1.67319,-0.266938,0.0159677,1.07315,6.285,3.66,0.44,0
636,1.54074,-2.20927,-0.469194,-2.30384,-1.67319,-0.266938,0.0159677,1.09896,6.325,3.66,0.44,0
637,1.54074,-2.20927,-0.469194,-2.30384,-1.67319,-0.266938,0.0159677,1.1256,6.365,3.66,0.44,0
638,1.54074,-2.20927,-0.469194,-2.30384,-1.67319,-0.266938,0.0159677,1.15302,6.405,3.66,0.44,0
639,1.54074,-2.20927,-0.469194,-2.30384,-1.67319,-0.266938,0.0159677,1.18115,6.445,3.66,0.44,0
640,1.54074,-2.20927,-0.469194,-2.30384,-1.67319,-0.266938,0.0159677,1.20995,6.485,3.66,0.44,0
641,1.54074,-2.20927,-0.469194,-2.30384,-1.67319,-0.266938,0.0159677,1.01104,6.125,3.62,0.44,0
642,1.54074,-2.20927,-0.469194,-2.30384,-1.67319,-0.266938,0.0159677,1.03222,6.165,3.62,0.44,0
643,1.54074,-2.20927,-0.469194,-2.30384,-1.67319,-0.266938,0.0159677,1.05449,6.205,3.62,0.44,0
644,1.54074,-2.20927,-0.469194,-2.30384,-1.67319,-0.266938,0.0159677,1.07778,6.245,3.62,0.44,0
645,1.54074,-2.20927,-0.469194,-2.30384,-1.67319,-0.266938,0.0159677,1.10203,6.285,3.62,0.44,0
646,1.54074,-2.20927,-0.469194,-2.30384,-1.67319,-0.266938,0.0159677,1.12718,6.325,3.62,0.44,0
647,1.54074,-2.20927,-0.469194,-2.30384,-1.67319,-0.266938,0.0159677,1.15317,6.365,3.62,0.44,0
648,1.54074,-2.20927,-0.469194,-2.30384,-1.67319,-0.266938,0.0159677,1.17995,6.405,3.62,0.44,0
649,1.54074,-2.20927,-0.469194,-2.30384,-1.67319,-0.266938,0.0159677,1.20745,6.445,3.62,0.44,0
650,1.54074,-2.20927,-0.469194,-2.30384,-1.67319,-0.266938,0.0159677,1.23564,6.485,3.62,0.44,0
651,1.54074,-2.20927,-0.469194,-2.30384,-1.67319,-0.266938,0.0159677,1.04318,6.125,3.58,0.44,0
652,1.54074,-2.20927,-0.469194,-2.30384,-1.67319,-0.266938,0.0159677,1.06372,6.165,3.58,0.44,0
653,1.54074,-2.20927,-0.469194,-2.30384,-1.67319,-0.266938,0.0159677,1.08534,6.205,3.58,0.44,0
654,1.54074,-2.20927,-0.469194,-2.30384,-1.67319,-0.266938,0.0159677,1.10799,6.245,3.58,0.44,0
655,1.54074,-2.20927,-0.469194,-2.30384,-1.67319,-0.266938,0.0159677,1.13159,6.285,3.58,0.44,0
656,1.54074,-2.20927,-0.469194,-2.30384,-1.67319,-0.266938,0.0159677,1.1561,6.325,3.58,0.44,0
657,1.54074,-2.20927,-0.469194,-2.30384,-1.67319,-0.266938,0.0159677,1.18145,6.365,3.58,0.44,0
658,1.54074,-2.20927,-0.469194,-2.30384,-1.67319,-0.266938,0.0159677,1.2076,6.405,3.58,0.44,0
659,1.54074,-2.20927,-0.469194,-2.30384,-1.67319,-0.266938,0.0159677,1.23449,6.445,3.58,0.44,0
660,1.54074,-2.20927,-0.469194,-2.30384,-1.67319,-0.266938,0.0159677,1.26207,6.485,3.58,0.44,0
661,1.54074,-2.20927,-0.469194,-2.30384,-1.67319,-0.266938,0.0159677,0.523242,6.125,4.42,0.81,1
662,1.54074,-2.20927,-0.469194,-2.30384,-1.67319,-0.266938,0.0159677,0.56307,6.165,4.42,0.81,0
663,1.54074,-2.20927,-0.469194,-2.30384,-1.67319,-0.266938,0.0159677,0.602922,6.205,4.42,0.81,0
664,1.54074,-2.20927,-0.469194,-2.30384,-1.67319,-0.266938,0.0159677,0.642791,6.245,4.42,0.81,0
665,1.54074,-2.20927,-0.469194,-2.30384,-1.67319,-0.266938,0.0159677,0.682676,6.285,4.42,0.81,0
666,1.54074,-2.20927,-0.469194,-2.30384,-1.67319,-0.266938,0.0159677,0.722574,6.325,4.42,0.81,0
667,1.54074,-2.20927,-0.469194,-2.30384,-1.67319,-0.266938,0.0159677,0.762483,6.365,4.42,0.81,0
668,1.54074,-2.20927,-0.469194,-2.30384,-1.67319,-0.266938,0.0159677,0.8024,6.405,4.42,0.81,0
669,1.54074,-2.20927,-0.469194,-2.30384,-1.67319,-0.266938,0.0159677,0.842326,6.445,4.42,0.81,0
670,1.54074,-2.20927,-0.469194,-2.30384,-1.67319,-0.266938,0.0159677,0.882258,6.485,4.42,0.81,0
671,1.54074,-2.20927,-0.469194,-2.30384,-1.67319,-0.266938,0.0159677,0.525171,6.125,4.38,0.81,1
672,1.54074,-2.20927,-0.469194,-2.30384,-1.67319,-0.266938,0.0159677,0.564864,6.165,4.38,0.81,0
673,1.54074,-2.20927,-0.469194,-2.30384,-1.67319,-0.266938,0.0159677,0.604597,6.205,4.38,0.81,0
674,1.54074,-2.20927,-0.469194,-2.30384,-1.67319,-0.266938,0.0159677,0.644363,6.245,4.38,0.81,0
675,1.54074,-2.20927,-0.469194,-2.30384,-1.67319,-0.266938,0.0159677,0.684157,6.285,4.38,0.81,0
676,1.54074,-2.20927,-0.469194,-2.30384,-1.67319,-0.266938,0.0159677,0.723973,6.325,4.38,0.81,0
677,1.54074,-2.20927,-0.469194,-2.30384,-1.67319,-0.266938,0.0159677,0.763808,6.365,4.38,0.81,0
678,1.54074,-2.20927,-0.469194,-2.30384,-1.67319,-0.266938,0.0159677,0.80366,6.405,4.38,0.81,0
679,1.54074,-2.20927,-0.469194,-2.30384,-1.67319,-0.266938,0.0159677,0.843526,6.445,4.38,0.81,0
680,1.54074,-2.20927,-0.469194,-2.30384,-1.67319,-0.266938,0.0159677,0.883404,6.485,4.38,0.81,0
681,1.54074,-2.20927,-0.469194,-2.30384,-1.67319,-0.266938,0.0159677,0.530121,6.125,4.34,0.81,1
682,1.54074,-2.20927,-0.469194,-2.30384,-1.67319,-0.266938,0.0159677,0.569469,6.165,4.34,0.81,0
683,1.54074,-2.20927,-0.469194,-2.30384,-1.67319,-0.266938,0.0159677,0.608901,6.205,4.34,0.81,0
684,1.54074,-2.20927,-0.469194,-2.30384,-1.67319,-0.266938,0.0159677,0.648404,6.245,4.34,0.81,0
685,1.54074,-2.20927,-0.469194,-2.30384,-1.67319,-0.266938,0.0159677,0.687963,6.285,4.34,0.81,0
686,1.54074,-2.20927,-0.469194,-2.30384,-1.67319,-0.266938,0.0159677,0.727571,6.325,4.34,0.81,0
687,1.54074,-2.20927,-0.469194,-2.30384,-1.67319,-0.266938,0.0159677,0.76722,6.365,4.34,0.81,0
688,1.54074,-2.20927,-0.469194,-2.30384,-1.67319,-0.266938,0.0159677,0.806903,6.405,4.34,0.81,0
689,1.54074,-2.20927,-0.469194,-2.30384,-1.67319,-0.266938,0.0159677,0.846616,6.445,4.34,0.81,0
690,1.54074,-2.20927,-0.469194,-2.30384,-1.67319,-0.266938,0.0159677,0.886355,6.485,4.34,0.81,0
691,1.54074,-2.20927,-0.469194,-2.30384,-1.67319,-0.266938,0.0159677,0.538007,6.125,4.3,0.81,1
692,1.54074,-2.20927,-0.469194,-2.30384,-1.67319,-0.266938,0.0159677,0.576817,6.165,4.3,0.81,1
693,1.54074,-2.20927,-0.469194,-2.30384,-1.67319,-0.266938,0.0159677,0.615779,6.205,4.3,0.81,0
694,1.54074,-2.20927,-0.469194,-2.30384,-1.67319,-0.266938,0.0159677,0.654867,6.245,4.3,0.81,0
695,1.54074,-2.20927,-0.469194,-2.30384,-1.67319,-0.266938,0.0159677,0.694058,6.285,4.3,0.81,0
696,1.54074,-2.20927,-0.469194,-2.30384,-1.67319,-0.266938,0.0159677,0.733337,6.325,4.3,0.81,0
697,1.54074,-2.20927,-0.469194,-2.30384,-1.67319,-0.266938,0.0159677,0.77269,6.365,4.3,0.81,0
698,1.54074,-2.20927,-0.469194,-2.30384,-1.67319,-0.266938,0.0159677,0.812106,6.405,4.3,0.81,0
699,1.54074,-2.20927,-0.469194,-2.30384,-1.67319,-0.266938,0.0159677,0.851576,6.445,4.3,0.81,0
700,1.54074,-2.20927,-0.469194,-2.30384,-1.67319,-0.266938,0.0159677,0.891094,6.485,4.3,0.81,0
701,1.54074,-2.20927,-0.469194,-2.30384,-1.67319,-0.266938,0.0159677,0.548703,6.125,4.26,0.81,1
702,1.54074,-2.20927,-0.469194,-2.30384,-1.67319,-0.266938,0.0159677,0.586806,6.165,4.26,0.81,1
703,1.54074,-2.20927,-0.469194,-2.30384,-1.67319,-0.266938,0.0159677,0.625146,6.205,4.26,0.81,0
704,1.54074,-2.20927,-0.469194,-2.30384,-1.67319,-0.266938,0.0159677,0.663682,6.245,4.26,0.81,0
705,1.54074,-2.20927,-0.469194,-2.30384,-1.67319,-0.266938,0.0159677,0.702381,6.285,4.26,0.81,0
706,1.54074,-2.20927,-0.469194,-2.30384,-1.67319,-0.266938,0.0159677,0.741219,6.325,4.26,0.81,0
707,1.54074,-2.20927,-0.469194,-2.30384,-1.67319,-0.266938,0.0159677,0.780175,6.365,4.26,0.81,0
708,1.54074,-2.20927,-0.469194,-2.30384,-1.67319,-0.266938,0.0159677,0.819231,6.405,4.26,0.81,0
709,1.54074,-2.20927,-0.469194,-2.30384,-1.67319,-0.266938,0.0159677,0.858373,6.445,4.26,0.81,0
710,1.54074,-2.20927,-0.469194,-2.30384,-1.67319,-0.266938,0.0159677,0.897592,6.485,4.26,0.81,0
711,1.54074,-2.20927,-0.469194,-2.30384,-1.67319,-0.266938,0.0159677,0.562048,6.125,4.22,0.81,1
712,1.54074,-2.20927,-0.469194,-2.30384,-1.67319,-0.266938,0.0159677,0.599303,6.165,4.22,0.81,1
713,1.54074,-2.20927,-0.469194,-2.30384,-1.67319,-0.266938,0.0159677,0.636891,6.205,4.22,0.81,0
714,1.54074,-2.20927,-0.469194,-2.30384,-1.67319,-0.266938,0.0159677,0.674757,6.245,4.22,0.81,0
715,1.54074,-2.20927,-0.469194,-2.30384,-1.67319,-0.266938,0.0159677,0.712855,6.285,4.22,0.81,0
716,1.54074,-2.20927,-0.469194,-2.30384,-1.67319,-0.266938,0.0159677,0.751152,6.325,4.22,0.81,0
717,1.54074,-2.20927,-0.469194,-2.30384,-1.67319,-0.266938,0.0159677,0.789617,6.365,4.22,0.81,0
718,1.54074,-2.20927,-0.469194,-2.30384,-1.67319,-0.266938,0.0159677,0.828228,6.405,4.22,0.81,0
719,1.54074,-2.20927,-0.469194,-2.30384,-1.67319,-0.266938,0.0159677,0.866965,6.445,4.22,0.81,0
720,1.54074,-2.20927,-0.469194,-2.30384,-1.67319,-0.266938,0.0159677,0.905811,6.485,4.22,0.81,0
721,1.54074,-2.20927,-0.469194,-2.30384,-1.67319,-0.266938,0.0159677,0.577859,6.125,4.18,0.81,1
722,1.54074,-2.20927,-0.469194,-2.30384,-1.67319,-0.266938,0.0159677,0.614156,6.165,4.18,0.81,1
723,1.54074,-2.20927,-0.469194,-2.30384,-1.67319,-0.266938,0.0159677,0.650887,6.205,4.18,0.81,0
724,1.54074,-2.20927,-0.469194,-2.30384,-1.67319,-0.266938,0.0159677,0.687982,6.245,4.18,0.81,0
725,1.54074,-2.20927,-0.469194,-2.30384,-1.67319,-0.266938,0.0159677,0.725387,6.285,4.18,0.81,0
726,1.54074,-2.20927,-0.469194,-2.30384,-1.67319,-0.266938,0.0159677,0.763055,6.325,4.18,0.81,0
727,1.54074,-2.20927,-0.469194,-2.30384,-1.67319,-0.266938,0.0159677,0.800949,6.365,4.18,0.81,0
728,1.54074,-2.20927,-0.469194,-2.30384,-1.67319,-0.266938,0.0159677,0.839038,6.405,4.18,0.81,0
729,1.54074,-2.20927,-0.469194,-2.30384,-1.67319,-0.266938,0.0159677,0.877298,6.445,4.18,0.81,0
730,1.54074,-2.20927,-0.469194,-2.30384,-1.67319,-0.266938,0.0159677,0.915706,6.485,4.18,0.81,0
731,1.54074,-2.20927,-0.469194,-2.30384,-1.67319,-0.266938,0.0159677,0.59594,6.125,4.14,0.81,1
732,1.54074,-2.20927,-0.469194,-2.30384,-1.67319,-0.266938,0.0159677,0.631198,6.165,4.14,0.81,1
733,1.54074,-2.20927,-0.469194,-2.30384,-1.67319,-0.266938,0.0159677,0.666991,6.205,4.14,0.81,0
734,1.54074,-2.20927,-0.469194,-2.30384,-1.67319,-0.266938,0.0159677,0.703237,6.245,4.14,0.81,0
735,1.54074,-2.20927,-0.469194,-2.30384,-1.67319,-0.266938,0.0159677,0.739871,6.285,4.14,0.81,0
736,1.54074,-2.20927,-0.469194,-2.30384,-1.67319,-0.266938,0.0159677,0.776837,6.325,4.14,0.81,0
737,1.54074,-2.20927,-0.469194,-2.30384,-1.67319,-0.266938,0.0159677,0.81409,6.365,4.14,0.81,0
738,1.54074,-2.20927,-0.469194,-2.30384,-1.67319,-0.266938,0.0159677,0.851592,6.405,4.14,0.81,0
739,1.54074,-2.20927,-0.469194,-2.30384,-1.67319,-0.266938,0.0159677,0.889311,6.445,4.14,0.81,0
740,1.54074,-2.20927,-0.469194,-2.30384,-1.67319,-0.266938,0.0159677,0.927222,6.485,4.14,0.81,0
741,1.54074,-2.20927,-0.469194,-2.30384,-1.67319,-0.266938,0.0159677,0.61609,6.125,4.1,0.81,1
742,1.54074,-2.20927,-0.469194,-2.30384,-1.67319,-0.266938,0.0159677,0.650256,6.165,4.1,0.81,1
743,1.54074,-2.20927,-0.469194,-2.30384,-1.67319,-0.266938,0.0159677,0.685055,6.205,4.1,0.81,1
744,1.54074,-2.20927,-0.469194,-2.30384,-1.67319,-0.266938,0.0159677,0.720393,6.245,4.1,0.81,0
745,1.54074,-2.20927,-0.469194,-2.30384,-1.67319,-0.266938,0.0159677,0.756196,6.285,4.1,0.81,0
746,1.54074,-2.20927,-0.469194,-2.30384,-1.67319,-0.266938,0.0159677,0.792401,6.325,4.1,0.81,0
747,1.54074,-2.20927,-0.469194,-2.30384,-1.67319,-0.266938,0.0159677,0.828954,6.365,4.1,0.81,0
748,1.54074,-2.20927,-0.469194,-2.30384,-1.67319,-0.266938,0.0159677,0.865813,6.405,4.1,0.81,0
749,1.54074,-2.20927,-0.469194,-2.30384,-1.67319,-0.266938,0.0159677,0.902938,6.445,4.1,0.81,0
750,1.54074,-2.20927,-0.469194,-2.30384,-1.67319,-0.266938,0.0159677,0.9403,6.485,4.1,0.81,0
751,1.54074,-2.20927,-0.469194,-2.30384,-1.67319,-0.266938,0.0159677,0.638115,6.125,4.06,0.81,1
752,1.54074,-2.20927,-0.469194,-2.30384,-1.67319,-0.266938,0.0159677,0.671161,6.165,4.06,0.81,1
753,1.54074,-2.20927,-0.469194,-2.30384,-1.67319,-0.266938,0.0159677,0.704928,6.205,4.06,0.81,1
754,1.54074,-2.20927,-0.469194,-2.30384,-1.67319,-0.266938,0.0159677,0.739317,6.245,4.06,0.81,0
755,1.54074,-2.20927,-0.469194,-2.30384,-1.67319,-0.266938,0.0159677,0.774245,6.285,4.06,0.81,0
756,1.54074,-2.20927,-0.469194,-2.30384,-1.67319,-0.266938,0.0159677,0.809643,6.325,4.06,0.81,0
757,1.54074,-2.20927,-0.469194,-2.30384,-1.67319,-0.266938,0.0159677,0.845451,6.365,4.06,0.81,0
758,1.54074,-2.20927,-0.469194,-2.30384,-1.67319,-0.266938,0.0159677,0.88162,6.405,4.06,0.81,0
759,1.54074,-2.20927,-0.469194,-2.30384,-1.67319,-0.266938,0.0159677,0.918107,6.445,4.06,0.81,0
760,1.54074,-2.20927,-0.469194,-2.30384,-1.67319,-0.266938,0.0159677,0.954875,6.485,4.06,0.81,0
761,1.54074,-2.20927,-0.469194,-2.30384,-1.67319,-0.266938,0.0159677,0.661826,6.125,4.02,0.81,1
762,1.54074,-2.20927,-0.469194,-2.30384,-1.67319,-0.266938,0.0159677,0.693743,6.165,4.02,0.81,1
763,1.54074,-2.20927,-0.469194,-2.30384,-1.67319,-0.266938,0.0159677,0.726461,6.205,4.02,0.81,1
764,1.54074,-2.20927,-0.469194,-2.30384,-1.67319,-0.266938,0.0159677,0.759877,6.245,4.02,0.81,0
765,1.54074,-2.20927,-0.469194,-2.30384,-1.67319,-0.266938,0.0159677,0.793901,6.285,4.02,0.81,0
766,1.54074,-2.20927,-0.469194,-2.30384,-1.67319,-0.266938,0.0159677,0.828459,6.325,4.02,0.81,0
767,1.54074,-2.20927,-0.469194,-2.30384,-1.67319,-0.266938,0.0159677,0.863488,6.365,4.02,0.81,0
768,1.54074,-2.20927,-0.469194,-2.30384,-1.67319,-0.266938,0.0159677,0.898931,6.405,4.02,0.81,0
769,1.54074,-2.20927,-0.469194,-2.30384,-1.67319,-0.266938,0.0159677,0.934743,6.445,4.02,0.81,0
770,1.54074,-2.20927,-0.469194,-2.30384,-1.67319,-0.266938,0.0159677,0.970881,6.485,4.02,0.81,0
771,1.54074,-2.20927,-0.469194,-2.30384,-1.67319,-0.266938,0.0159677,0.687049,6.125,3.98,0.81,1
772,1.54074,-2.20927,-0.469194,-2.30384,-1.67319,-0.266938,0.0159677,0.717846,6.165,3.98,0.81,1
773,1.54074,-2.20927,-0.469194,-2.30384,-1.67319,-0.266938,0.0159677,0.749513,6.205,3.98,0.81,1
774,1.54074,-2.20927,-0.469194,-2.30384,-1.67319,-0.266938,0.0159677,0.781943,6.245,3.98,0.81,0
775,1.54074,-2.20927,-0.469194,-2.30384,-1.67319,-0.266938,0.0159677,0.815047,6.285,3.98,0.81,0
776,1.54074,-2.20927,-0.469194,-2.30384,-1.67319,-0.266938,0.0159677,0.848745,6.325,3.98,0.81,0
777,1.54074,-2.20927,-0.469194,-2.30384,-1.67319,-0.266938,0.0159677,0.882969,6.365,3.98,0.81,0
778,1.54074,-2.20927,-0.469194,-2.30384,-1.67319,-0.266938,0.0159677,0.917661,6.405,3.98,0.81,0
779,1.54074,-2.20927,-0.469194,-2.30384,-1.67319,-0.266938,0.0159677,0.952768,6.445,3.98,0.81,0
780,1.54074,-2.20927,-0.469194,-2.30384,-1.67319,-0.266938,0.0159677,0.988248,6.485,3.98,0.81,0
781,1.54074,-2.20927,-0.469194,-2.30384,-1.67319,-0.266938,0.0159677,0.713624,6.125,3.94,0.81,1
782,1.54074,-2.20927,-0.469194,-2.30384,-1.67319,-0.266938,0.0159677,0.743321,6.165,3.94,0.81,1
783,1.54074,-2.20927,-0.469194,-2.30384,-1.67319,-0.266938,0.0159677,0.773946,6.205,3.94,0.81,1
784,1.54074,-2.20927,-0.469194,-2.30384,-1.67319,-0.266938,0.0159677,0.805394,6.245,3.94,0.81,0
785,1.54074,-2.20927,-0.469194,-2.30384,-1.67319,-0.266938,0.0159677,0.837571,6.285,3.94,0.81,0
786,1.54074,-2.20927,-0.469194,-2.30384,-1.67319,-0.266938,0.0159677,0.870397,6.325,3.94,0.81,0
787,1.54074,-2.20927,-0.469194,-2.30384,-1.67319,-0.266938,0.0159677,0.903802,6.365,3.94,0.81,0
788,1.54074,-2.20927,-0.469194,-2.30384,-1.67319,-0.266938,0.0159677,0.937723,6.405,3.94,0.81,0
789,1.54074,-2.20927,-0.469194,-2.30384,-1.67319,-0.266938,0.0159677,0.972106,6.445,3.94,0.81,0
790,1.54074,-2.20927,-0.469194,-2.30384,-1.67319,-0.266938,0.0159677,1.0069,6.485,3.94,0.81,0
791,1.54074,-2.20927,-0.469194,-2.30384,-1.67319,-0.266938,0.0159677,0.741406,6.125,3.9,0.81,1
792,1.54074,-2.20927,-0.469194,-2.30384,-1.67319,-0.266938,0.0159677,0.770032,6.165,3.9,0.81,1
793,1.54074,-2.20927,-0.469194,-2.30384,-1.67319,-0.266938,0.0159677,0.799635,6.205,3.9,0.81,0
794,1.54074,-2.20927,-0.469194,-2.30384,-1.67319,-0.266938,0.0159677,0.83011,6.245,3.9,0.81,0
795,1.54074,-2.20927,-0.469194,-2.30384,-1.67319,-0.266938,0.0159677,0.861364,6.285,3.9,0.81,0
796,1.54074,-2.20927,-0.469194,-2.30384,-1.67319,-0.266938,0.0159677,0.893317,6.325,3.9,0.81,0
797,1.54074,-2.20927,-0.469194,-2.30384,-1.67319,-0.266938,0.0159677,0.925895,6.365,3.9,0.81,0
798,1.54074,-2.20927,-0.469194,-2.30384,-1.67319,-0.266938,0.0159677,0.959034,6.405,3.9,0.81,0
799,1.54074,-2.20927,-0.469194,-2.30384,-1.67319,-0.266938,0.0159677,0.99268,6.445,3.9,0.81,0
800,1.54074,-2.20927,-0.469194,-2.30384,-1.67319,-0.266938,0.0159677,1.02678,6.485,3.9,0.81,0
801,1.54074,-2.20927,-0.469194,-2.30384,-1.67319,-0.266938,0.0159677,0.770264,6.125,3.86,0.81,1
802,1.54074,-2.20927,-0.469194,-2.30384,-1.67319,-0.266938,0.0159677,0.797855,6.165,3.86,0.81,1
803,1.54074,-2.20927,-0.469194,-2.30384,-1.67319,-0.266938,0.0159677,0.826462,6.205,3.86,0.81,0
804,1.54074,-2.20927,-0.469194,-2.30384,-1.67319,-0.266938,0.0159677,0.855982,6.245,3.86,0.81,0
805,1.54074,-2.20927,-0.469194,-2.30384,-1.67319,-0.266938,0.0159677,0.886325,6.285,3.86,0.81,0
806,1.54074,-2.20927,-0.469194,-2.30384,-1.67319,-0.266938,0.0159677,0.917408,6.325,3.86,0.81,0
807,1.54074,-2.20927,-0.469194,-2.30384,-1.67319,-0.266938,0.0159677,0.94916,6.365,3.86,0.81,0
808,1.54074,-2.20927,-0.469194,-2.30384,-1.67319,-0.266938,0.0159677,0.981514,6.405,3.86,0.81,0
809,1.54074,-2.20927,-0.469194,-2.30384,-1.67319,-0.266938,0.0159677,1.01441,6.445,3.86,0.81,0
810,1.54074,-2.20927,-0.469194,-2.30384,-1.67319,-0.266938,0.0159677,1.04781,6.485,3.86,0.81,0
811,1.54074,-2.20927,-0.469194,-2.30384,-1.67319,-0.266938,0.0159677,0.800081,6.125,3.82,0.81,1
812,1.54074,-2.20927,-0.469194,-2.30384,-1.67319,-0.266938,0.0159677,0.826677,6.165,3.82,0.81,1
813,1.54074,-2.20927,-0.469194,-2.30384,-1.67319,-0.266938,0.0159677,0.85432,6.205,3.82,0.81,0
814,1.54074,-2.20927,-0.469194,-2.30384,-1.67319,-0.266938,0.0159677,0.882909,6.245,3.82,0.81,0
815,1.54074,-2.20927,-0.469194,-2.30384,-1.67319,-0.266938,0.0159677,0.912357,6.285,3.82,0.81,0
816,1.54074,-2.20927,-0.469194,-2.30384,-1.67319,-0.266938,0.0159677,0.942582,6.325,3.82,0.81,0
817,1.54074,-2.20927,-0.469194,-2.30384,-1.67319,-0.266938,0.0159677,0.973513,6.365,3.82,0.81,0
818,1.54074,-2.20927,-0.469194,-2.30384,-1.67319,-0.266938,0.0159677,1.00508,6.405,3.82,0.81,0
819,1.54074,-2.20927,-0.469194,-2.30384,-1.67319,-0.266938,0.0159677,1.03724,6.445,3.82,0.81,0
820,1.54074,-2.20927,-0.469194,-2.30384,-1.67319,-0.266938,0.0159677,1.06992,6.485,3.82,0.81,0
821,1.54074,-2.20927,-0.469194,-2.30384,-1.67319,-0.266938,0.0159677,0.830754,6.125,3.78,0.81,1
822,1.54074,-2.20927,-0.469194,-2.30384,-1.67319,-0.266938,0.0159677,0.856399,6.165,3.78,0.81,0
823,1.54074,-2.20927,-0.469194,-2.30384,-1.67319,-0.266938,0.0159677,0.883111,6.205,3.78,0.81,0
824,1.54074,-2.20927,-0.469194,-2.30384,-1.67319,-0.266938,0.0159677,0.910797,6.245,3.78,0.81,0
825,1.54074,-2.20927,-0.469194,-2.30384,-1.67319,-0.266938,0.0159677,0.939371,6.285,3.78,0.81,0
826,1.54074,-2.20927,-0.469194,-2.30384,-1.67319,-0.266938,0.0159677,0.968754,6.325,3.78,0.81,0
827,1.54074,-2.20927,-0.469194,-2.30384,-1.67319,-0.266938,0.0159677,0.998875,6.365,3.78,0.81,0
828,1.54074,-2.20927,-0.469194,-2.30384,-1.67319,-0.266938,0.0159677,1.02967,6.405,3.78,0.81,0
829,1.54074,-2.20927,-0.469194,-2.30384,-1.67319,-0.266938,0.0159677,1.06108,6.445,3.78,0.81,0
830,1.54074,-2.20927,-0.469194,-2.30384,-1.67319,-0.266938,0.0159677,1.09305,6.485,3.78,0.81,0
831,1.54074,-2.20927,-0.469194,-2.30384,-1.67319,-0.266938,0.0159677,0.862192,6.125,3.74,0.81,1
832,1.54074,-2.20927,-0.469194,-2.30384,-1.67319,-0.266938,0.0159677,0.886928,6.165,3.74,0.81,0
833,1.54074,-2.20927,-0.469194,-2.30384,-1.67319,-0.266938,0.0159677,0.912748,6.205,3.74,0.81,0
834,1.54074,-2.20927,-0.469194,-2.30384,-1.67319,-0.266938,0.0159677,0.939561,6.245,3.74,0.81,0
835,1.54074,-2.20927,-0.469194,-2.30384,-1.67319,-0.266938,0.0159677,0.967285,6.285,3.74,0.81,0
836,1.54074,-2.20927,-0.469194,-2.30384,-1.67319,-0.266938,0.0159677,0.995845,6.325,3.74,0.81,0
837,1.54074,-2.20927,-0.469194,-2.30384,-1.67319,-0.266938,0.0159677,1.02517,6.365,3.74,0.81,0
838,1.54074,-2.20927,-0.469194,-2.30384,-1.67319,-0.266938,0.0159677,1.0552,6.405,3.74,0.81,0
839,1.54074,-2.20927,-0.469194,-2.30384,-1.67319,-0.266938,0.0159677,1.08587,6.445,3.74,0.81,0
840,1.54074,-2.20927,-0.469194,-2.30384,-1.67319,-0.266938,0.0159677,1.11713,6.485,3.74,0.81,0
841,1.54074,-2.20927,-0.469194,-2.30384,-1.67319,-0.266938,0.0159677,0.894315,6.125,3.7,0.81,0
842,1.54074,-2.20927,-0.469194,-2.30384,-1.67319,-0.266938,0.0159677,0.918186,6.165,3.7,0.81,0
843,1.54074,-2.20927,-0.469194,-2.30384,-1.67319,-0.266938,0.0159677,0.94315,6.205,3.7,0.81,0
844,1.54074,-2.20927,-0.469194,-2.30384,-1.67319,-0.266938,0.0159677,0.969122,6.245,3.7,0.81,0
845,1.54074,-2.20927,-0.469194,-2.30384,-1.67319,-0.266938,0.0159677,0.996024,6.285,3.7,0.81,0
846,1.54074,-2.20927,-0.469194,-2.30384,-1.67319,-0.266938,0.0159677,1.02378,6.325,3.7,0.81,0
847,1.54074,-2.20927,-0.469194,-2.30384,-1.67319,-0.266938,0.0159677,1.05233,6.365,3.7,0.81,0
848,1.54074,-2.20927,-0.469194,-2.30384,-1.67319,-0.266938,0.0159677,1.0816,6.405,3.7,0.81,0
849,1.54074,-2.20927,-0.469194,-2.30384,-1.67319,-0.266938,0.0159677,1.11154,6.445,3.7,0.81,0
850,1.54074,-2.20927,-0.469194,-2.30384,-1.67319,-0.266938,0.0159677,1.1421,6.485,3.7,0.81,0
851,1.54074,-2.20927,-0.469194,-2.30384,-1.67319,-0.266938,0.0159677,0.92705,6.125,3.66,0.81,0
852,1.54074,-2.20927,-0.469194,-2.30384,-1.67319,-0.266938,0.0159677,0.950099,6.165,3.66,0.81,0
853,1.54074,-2.20927,-0.469194,-2.30384,-1.67319,-0.266938,0.0159677,0.974246,6.205,3.66,0.81,0
854,1.54074,-2.20927,-0.469194,-2.30384,-1.67319,-0.266938,0.0159677,0.99941,6.245,3.66,0.81,0
855,1.54074,-2.20927,-0.469194,-2.30384,-1.67319,-0.266938,0.0159677,1.02552,6.285,3.66,0.81,0
856,1.54074,-2.20927,-0.469194,-2.30384,-1.67319,-0.266938,0.0159677,1.0525,6.325,3.66,0.81,0
857,1.54074,-2.20927,-0.469194,-2.30384,-1.67319,-0.266938,0.0159677,1.08029,6.365,3.66,0.81,0
858,1.54074,-2.20927,-0.469194,-2.30384,-1.67319,-0.266938,0.0159677,1.10882,6.405,3.66,0.81,0
859,1.54074,-2.20927,-0.469194,-2.30384,-1.67319,-0.266938,0.0159677,1.13805,6.445,3.66,0.81,0
860,1.54074,-2.20927,-0.469194,-2.30384,-1.67319,-0.266938,0.0159677,1.16791,6.485,3.66,0.81,0
861,1.54074,-2.20927,-0.469194,-2.30384,-1.67319,-0.266938,0.0159677,0.960336,6.125,3.62,0.81,0
862,1.54074,-2.20927,-0.469194,-2.30384,-1.67319,-0.266938,0.0159677,0.982604,6.165,3.62,0.81,0
863,1.54074,-2.20927,-0.469194,-2.30384,-1.67319,-0.266938,0.0159677,1.00597,6.205,3.62,0.81,0
864,1.54074,-2.20927,-0.469194,-2.30384,-1.67319,-0.266938,0.0159677,1.03036,6.245,3.62,0.81,0
865,1.54074,-2.20927,-0.469194,-2.30384,-1.67319,-0.266938,0.0159677,1.0557,6.285,3.62,0.81,0
866,1.54074,-2.20927,-0.469194,-2.30384,-1.67319,-0.266938,0.0159677,1.08193,6.325,3.62,0.81,0
867,1.54074,-2.20927,-0.469194,-2.30384,-1.67319,-0.266938,0.0159677,1.10898,6.365,3.62,0.81,0
868,1.54074,-2.20927,-0.469194,-2.30384,-1.67319,-0.266938,0.0159677,1.1368,6.405,3.62,0.81,0
869,1.54074,-2.20927,-0.469194,-2.30384,-1.67319,-0.266938,0.0159677,1.16532,6.445,3.62,0.81,0
870,1.54074,-2.20927,-0.469194,-2.30384,-1.67319,-0.266938,0.0159677,1.1945,6.485,3.62,0.81,0
871,1.54074,-2.20927,-0.469194,-2.30384,-1.67319,-0.266938,0.0159677,0.994117,6.125,3.58,0.81,0
872,1.54074,-2.20927,-0.469194,-2.30384,-1.67319,-0.266938,0.0159677,1.01564,6.165,3.58,0.81,0
873,1.54074,-2.20927,-0.469194,-2.30384,-1.67319,-0.266938,0.0159677,1.03827,6.205,3.58,0.81,0
874,1.54074,-2.20927,-0.469194,-2.30384,-1.67319,-0.266938,0.0159677,1.06192,6.245,3.58,0.81,0
875,1.54074,-2.20927,-0.469194,-2.30384,-1.67319,-0.266938,0.0159677,1.08652,6.285,3.58,0.81,0
876,1.54074,-2.20927,-0.469194,-2.30384,-1.67319,-0.266938,0.0159677,1.11203,6.325,3.58,0.81,0
877,1.54074,-2.20927,-0.469194,-2.30384,-1.67319,-0.266938,0.0159677,1.13836,6.365,3.58,0.81,0
878,1.54074,-2.20927,-0.469194,-2.30384,-1.67319,-0.266938,0.0159677,1.16548,6.405,3.58,0.81,0
879,1.54074,-2.20927,-0.469194,-2.30384,-1.67319,-0.266938,0.0159677,1.19331,6.445,3.58,0.81,0
880,1.54074,-2.20927,-0.469194,-2.30384,-1.67319,-0.266938,0.0159677,1.22183,6.485,3.58,0.81,0
